-- phpMyAdmin SQL Dump
-- version 2.8.1
-- http://www.phpmyadmin.net
-- 
-- Host: localhost
-- Erstellungszeit: 24. Juni 2006 um 14:04
-- Server Version: 5.0.21
-- PHP-Version: 5.1.4
-- 
-- Datenbank: `clansuite`
-- 

-- --------------------------------------------------------

-- 
-- Tabellenstruktur für Tabelle `cs_pot_accesslog`
-- 

CREATE TABLE `cs_pot_accesslog` (
  `accesslog_id` int(11) NOT NULL,
  `timestamp` int(10) unsigned NOT NULL,
  `weekday` tinyint(1) unsigned NOT NULL,
  `hour` tinyint(2) unsigned NOT NULL,
  `document_id` int(11) NOT NULL,
  `exit_target_id` int(11) NOT NULL default '0',
  `entry_document` tinyint(1) unsigned NOT NULL,
  KEY `accesslog_id` (`accesslog_id`),
  KEY `timestamp` (`timestamp`),
  KEY `document_id` (`document_id`),
  KEY `exit_target_id` (`exit_target_id`)
) ENGINE=MyISAM DEFAULT CHARSET=latin1 COLLATE=latin1_general_ci PACK_KEYS=1 DELAY_KEY_WRITE=1;

-- 
-- Daten für Tabelle `cs_pot_accesslog`
-- 

INSERT INTO `cs_pot_accesslog` VALUES (-1455101645, 1150833065, 2, 21, 2043925204, 0, 0);
INSERT INTO `cs_pot_accesslog` VALUES (-1455101645, 1150833083, 2, 21, 2043925204, 0, 0);
INSERT INTO `cs_pot_accesslog` VALUES (-1455101645, 1150833206, 2, 21, 2043925204, 0, 0);
INSERT INTO `cs_pot_accesslog` VALUES (-1455101645, 1150833263, 2, 21, 2043925204, 0, 0);
INSERT INTO `cs_pot_accesslog` VALUES (-1455101645, 1150833269, 2, 21, 2043925204, 0, 0);
INSERT INTO `cs_pot_accesslog` VALUES (-1455101645, 1150833487, 2, 21, 2043925204, 0, 0);
INSERT INTO `cs_pot_accesslog` VALUES (-1455101645, 1150833491, 2, 21, 2043925204, 0, 0);
INSERT INTO `cs_pot_accesslog` VALUES (-1455101645, 1150833521, 2, 21, 2043925204, 0, 0);
INSERT INTO `cs_pot_accesslog` VALUES (-1243081271, 1150833542, 2, 21, 2043925204, 0, 1);
INSERT INTO `cs_pot_accesslog` VALUES (12408568, 1150833555, 2, 21, 1740440180, 0, 1);
INSERT INTO `cs_pot_accesslog` VALUES (-1520139800, 1150833626, 2, 22, 1740440180, 0, 1);
INSERT INTO `cs_pot_accesslog` VALUES (1928790422, 1150834009, 2, 22, 1740440180, 0, 1);
INSERT INTO `cs_pot_accesslog` VALUES (-1920446340, 1150834029, 2, 22, 1740440180, 0, 1);
INSERT INTO `cs_pot_accesslog` VALUES (-1732572996, 1150834039, 2, 22, 1740440180, 0, 1);
INSERT INTO `cs_pot_accesslog` VALUES (162533754, 1150834122, 2, 22, 1740440180, 0, 1);
INSERT INTO `cs_pot_accesslog` VALUES (1749545857, 1150834126, 2, 22, 1740440180, 0, 1);
INSERT INTO `cs_pot_accesslog` VALUES (-874776070, 1150834149, 2, 22, 1740440180, 0, 1);
INSERT INTO `cs_pot_accesslog` VALUES (-1950232267, 1150834153, 2, 22, 1740440180, 0, 1);
INSERT INTO `cs_pot_accesslog` VALUES (-755034500, 1150834187, 2, 22, 1740440180, 0, 1);
INSERT INTO `cs_pot_accesslog` VALUES (-501265707, 1150834192, 2, 22, 1740440180, 0, 1);
INSERT INTO `cs_pot_accesslog` VALUES (-919561434, 1150834197, 2, 22, 1740440180, 0, 1);
INSERT INTO `cs_pot_accesslog` VALUES (-1228563005, 1150834248, 2, 22, 1740440180, 0, 1);
INSERT INTO `cs_pot_accesslog` VALUES (193828481, 1150834255, 2, 22, 1740440180, 0, 1);
INSERT INTO `cs_pot_accesslog` VALUES (1184916649, 1150834262, 2, 22, 1740440180, 0, 1);
INSERT INTO `cs_pot_accesslog` VALUES (1106751169, 1150834327, 2, 22, 1740440180, 0, 1);
INSERT INTO `cs_pot_accesslog` VALUES (-1781961268, 1150835652, 2, 22, 1740440180, 0, 1);
INSERT INTO `cs_pot_accesslog` VALUES (993125742, 1150835657, 2, 22, 1740440180, 0, 1);
INSERT INTO `cs_pot_accesslog` VALUES (-1314143067, 1150836687, 2, 22, 1740440180, 0, 1);
INSERT INTO `cs_pot_accesslog` VALUES (439515535, 1150836706, 2, 22, 1740440180, 0, 1);
INSERT INTO `cs_pot_accesslog` VALUES (1473693702, 1150839005, 2, 23, 1740440180, 0, 1);
INSERT INTO `cs_pot_accesslog` VALUES (-1215217233, 1150839007, 2, 23, 1740440180, 0, 1);
INSERT INTO `cs_pot_accesslog` VALUES (-412944080, 1150839032, 2, 23, 2043925204, 0, 1);
INSERT INTO `cs_pot_accesslog` VALUES (-1615518624, 1150839034, 2, 23, 1740440180, 0, 1);
INSERT INTO `cs_pot_accesslog` VALUES (1759625543, 1150839059, 2, 23, 1740440180, 0, 1);
INSERT INTO `cs_pot_accesslog` VALUES (1287846469, 1150839060, 2, 23, 1740440180, 0, 1);
INSERT INTO `cs_pot_accesslog` VALUES (1671020615, 1150839075, 2, 23, 1740440180, 0, 1);
INSERT INTO `cs_pot_accesslog` VALUES (1734871132, 1150839143, 2, 23, 1740440180, 0, 1);
INSERT INTO `cs_pot_accesslog` VALUES (1620213084, 1150839144, 2, 23, 1740440180, 0, 1);
INSERT INTO `cs_pot_accesslog` VALUES (-859813260, 1150839145, 2, 23, 1740440180, 0, 1);
INSERT INTO `cs_pot_accesslog` VALUES (-1099012849, 1150839146, 2, 23, 1740440180, 0, 1);
INSERT INTO `cs_pot_accesslog` VALUES (-309439034, 1150839146, 2, 23, 1740440180, 0, 1);
INSERT INTO `cs_pot_accesslog` VALUES (1033759086, 1150839147, 2, 23, 1740440180, 0, 1);
INSERT INTO `cs_pot_accesslog` VALUES (-741119799, 1150839154, 2, 23, 1740440180, 0, 1);
INSERT INTO `cs_pot_accesslog` VALUES (-1478662616, 1150839156, 2, 23, 1740440180, 0, 1);
INSERT INTO `cs_pot_accesslog` VALUES (60582802, 1150839181, 2, 23, 1740440180, 0, 1);
INSERT INTO `cs_pot_accesslog` VALUES (-1726310019, 1150839182, 2, 23, 1740440180, 0, 1);
INSERT INTO `cs_pot_accesslog` VALUES (1048069177, 1150839184, 2, 23, 1740440180, 0, 1);
INSERT INTO `cs_pot_accesslog` VALUES (1809198870, 1150839249, 2, 23, 1740440180, 0, 1);
INSERT INTO `cs_pot_accesslog` VALUES (545786925, 1150839252, 2, 23, 1740440180, 0, 1);
INSERT INTO `cs_pot_accesslog` VALUES (679924181, 1150839292, 2, 23, 1740440180, 0, 1);
INSERT INTO `cs_pot_accesslog` VALUES (8734048, 1150839294, 2, 23, 1740440180, 0, 1);
INSERT INTO `cs_pot_accesslog` VALUES (-1634035189, 1150839305, 2, 23, 1740440180, 0, 1);
INSERT INTO `cs_pot_accesslog` VALUES (-1568145014, 1150839306, 2, 23, 1740440180, 0, 1);
INSERT INTO `cs_pot_accesslog` VALUES (230036247, 1150839307, 2, 23, 1740440180, 0, 1);
INSERT INTO `cs_pot_accesslog` VALUES (236358818, 1150839307, 2, 23, 1740440180, 0, 1);
INSERT INTO `cs_pot_accesslog` VALUES (2135543803, 1150839346, 2, 23, 1740440180, 0, 1);
INSERT INTO `cs_pot_accesslog` VALUES (610223941, 1150839348, 2, 23, 1740440180, 0, 1);
INSERT INTO `cs_pot_accesslog` VALUES (-1720006863, 1150839350, 2, 23, 1740440180, 0, 1);
INSERT INTO `cs_pot_accesslog` VALUES (-1987385814, 1150839728, 2, 23, 1864550530, 0, 1);
INSERT INTO `cs_pot_accesslog` VALUES (-1606958556, 1150840329, 2, 23, 1740440180, 0, 1);
INSERT INTO `cs_pot_accesslog` VALUES (219713194, 1150840337, 2, 23, 1740440180, 0, 1);
INSERT INTO `cs_pot_accesslog` VALUES (1260940836, 1150840347, 2, 23, 1740440180, 0, 1);
INSERT INTO `cs_pot_accesslog` VALUES (1035387113, 1150840378, 2, 23, 1740440180, 0, 1);
INSERT INTO `cs_pot_accesslog` VALUES (1975881501, 1150840379, 2, 23, 1864550530, 0, 1);
INSERT INTO `cs_pot_accesslog` VALUES (-747130695, 1150840381, 2, 23, 1864550530, 0, 1);
INSERT INTO `cs_pot_accesslog` VALUES (-2136786174, 1150840687, 2, 23, 1864550530, 0, 1);
INSERT INTO `cs_pot_accesslog` VALUES (1368366203, 1150840701, 2, 23, 1864550530, 0, 1);
INSERT INTO `cs_pot_accesslog` VALUES (-617809359, 1150840703, 2, 23, 1864550530, 0, 1);
INSERT INTO `cs_pot_accesslog` VALUES (-1681801942, 1150840780, 2, 23, 1864550530, 0, 1);
INSERT INTO `cs_pot_accesslog` VALUES (59317581, 1150840782, 2, 23, 1864550530, 0, 1);
INSERT INTO `cs_pot_accesslog` VALUES (-436137533, 1150840783, 2, 23, 1864550530, 0, 1);
INSERT INTO `cs_pot_accesslog` VALUES (1817050296, 1150840812, 3, 0, 1864550530, 0, 1);
INSERT INTO `cs_pot_accesslog` VALUES (-1719966527, 1150840813, 3, 0, 1864550530, 0, 1);
INSERT INTO `cs_pot_accesslog` VALUES (-905368008, 1150840910, 3, 0, 1864550530, 0, 1);
INSERT INTO `cs_pot_accesslog` VALUES (-1836359025, 1150840913, 3, 0, 1864550530, 0, 1);
INSERT INTO `cs_pot_accesslog` VALUES (-1980967833, 1150840914, 3, 0, 1864550530, 0, 1);
INSERT INTO `cs_pot_accesslog` VALUES (1296476138, 1150840976, 3, 0, 1864550530, 0, 1);
INSERT INTO `cs_pot_accesslog` VALUES (1620389093, 1150840981, 3, 0, 1864550530, 0, 1);
INSERT INTO `cs_pot_accesslog` VALUES (-2069915482, 1150841292, 3, 0, 1864550530, 0, 1);
INSERT INTO `cs_pot_accesslog` VALUES (1235786517, 1150841449, 3, 0, 1864550530, 0, 1);
INSERT INTO `cs_pot_accesslog` VALUES (109597026, 1150841453, 3, 0, 1864550530, 0, 1);
INSERT INTO `cs_pot_accesslog` VALUES (-1488876200, 1150841458, 3, 0, 1864550530, 0, 1);
INSERT INTO `cs_pot_accesslog` VALUES (1475535991, 1150841461, 3, 0, 1864550530, 0, 1);
INSERT INTO `cs_pot_accesslog` VALUES (-828911075, 1150841466, 3, 0, 1864550530, 0, 1);
INSERT INTO `cs_pot_accesslog` VALUES (273364583, 1150841598, 3, 0, 1864550530, 0, 1);
INSERT INTO `cs_pot_accesslog` VALUES (-206093904, 1150841950, 3, 0, 1864550530, 0, 1);
INSERT INTO `cs_pot_accesslog` VALUES (169436560, 1150842016, 3, 0, 1864550530, 0, 1);
INSERT INTO `cs_pot_accesslog` VALUES (-1252393050, 1150842028, 3, 0, 1864550530, 0, 1);
INSERT INTO `cs_pot_accesslog` VALUES (1421765015, 1150842123, 3, 0, 1864550530, 0, 1);
INSERT INTO `cs_pot_accesslog` VALUES (-361630694, 1150842214, 3, 0, 1864550530, 0, 1);
INSERT INTO `cs_pot_accesslog` VALUES (-361630694, 1150842232, 3, 0, -45746190, 0, 0);
INSERT INTO `cs_pot_accesslog` VALUES (-361630694, 1150842236, 3, 0, 1864550530, 0, 0);
INSERT INTO `cs_pot_accesslog` VALUES (-361630694, 1150842237, 3, 0, -1749941107, 0, 0);
INSERT INTO `cs_pot_accesslog` VALUES (-361630694, 1150842239, 3, 0, 1864550530, 0, 0);
INSERT INTO `cs_pot_accesslog` VALUES (-361630694, 1150842465, 3, 0, 172387268, 0, 0);
INSERT INTO `cs_pot_accesslog` VALUES (-361630694, 1150842468, 3, 0, 1008761674, 0, 0);
INSERT INTO `cs_pot_accesslog` VALUES (1752161971, 1150842475, 3, 0, 2043925204, 0, 1);
INSERT INTO `cs_pot_accesslog` VALUES (-361630694, 1150845287, 3, 1, -1749941107, 0, 0);
INSERT INTO `cs_pot_accesslog` VALUES (-1830723705, 1150845293, 3, 1, 2043925204, 0, 1);
INSERT INTO `cs_pot_accesslog` VALUES (-1130060089, 1150845444, 3, 1, 2043925204, 0, 1);
INSERT INTO `cs_pot_accesslog` VALUES (264517879, 1150845568, 3, 1, 2043925204, 0, 1);
INSERT INTO `cs_pot_accesslog` VALUES (-802870882, 1150845579, 3, 1, 1526526107, 0, 1);
INSERT INTO `cs_pot_accesslog` VALUES (-802870882, 1150846833, 3, 1, 1864550530, 0, 0);
INSERT INTO `cs_pot_accesslog` VALUES (-802870882, 1150846835, 3, 1, -1749941107, 0, 0);
INSERT INTO `cs_pot_accesslog` VALUES (-802870882, 1150846836, 3, 1, 172387268, 0, 0);
INSERT INTO `cs_pot_accesslog` VALUES (-802870882, 1150846837, 3, 1, -45746190, 0, 0);
INSERT INTO `cs_pot_accesslog` VALUES (-802870882, 1150846837, 3, 1, 1008761674, 0, 0);
INSERT INTO `cs_pot_accesslog` VALUES (-802870882, 1150848780, 3, 2, 2043925204, 0, 0);
INSERT INTO `cs_pot_accesslog` VALUES (1934372970, 1150848791, 3, 2, 2043925204, 0, 1);
INSERT INTO `cs_pot_accesslog` VALUES (1040118740, 1150848793, 3, 2, 2043925204, 0, 1);
INSERT INTO `cs_pot_accesslog` VALUES (-745482243, 1150850476, 3, 2, 2043925204, 0, 1);
INSERT INTO `cs_pot_accesslog` VALUES (437653954, 1150857381, 3, 4, 1008761674, 0, 1);
INSERT INTO `cs_pot_accesslog` VALUES (437653954, 1150857405, 3, 4, -45746190, 0, 0);
INSERT INTO `cs_pot_accesslog` VALUES (-1395522779, 1150857421, 3, 4, 1204740461, 0, 1);
INSERT INTO `cs_pot_accesslog` VALUES (437653954, 1150859160, 3, 5, 1204740461, 0, 0);
INSERT INTO `cs_pot_accesslog` VALUES (786296169, 1150859839, 3, 5, 1204740461, 0, 1);
INSERT INTO `cs_pot_accesslog` VALUES (1492808778, 1150859844, 3, 5, 1204740461, 0, 1);
INSERT INTO `cs_pot_accesslog` VALUES (1665343570, 1150859849, 3, 5, 1204740461, 0, 1);
INSERT INTO `cs_pot_accesslog` VALUES (927262794, 1150859855, 3, 5, 1204740461, 0, 1);
INSERT INTO `cs_pot_accesslog` VALUES (1211736208, 1150859875, 3, 5, 1204740461, 0, 1);
INSERT INTO `cs_pot_accesslog` VALUES (-125526098, 1150859878, 3, 5, 1204740461, 0, 1);
INSERT INTO `cs_pot_accesslog` VALUES (601030263, 1150859882, 3, 5, 1204740461, 0, 1);
INSERT INTO `cs_pot_accesslog` VALUES (-621624809, 1150859921, 3, 5, 1204740461, 0, 1);
INSERT INTO `cs_pot_accesslog` VALUES (-621624809, 1150860735, 3, 5, 172387268, 0, 0);
INSERT INTO `cs_pot_accesslog` VALUES (-621624809, 1150860736, 3, 5, -1749941107, 0, 0);
INSERT INTO `cs_pot_accesslog` VALUES (-621624809, 1150860738, 3, 5, 1008761674, 0, 0);
INSERT INTO `cs_pot_accesslog` VALUES (-1188096948, 1150861119, 3, 5, 1390413028, 0, 1);
INSERT INTO `cs_pot_accesslog` VALUES (2091685137, 1150861122, 3, 5, 1390413028, 0, 1);
INSERT INTO `cs_pot_accesslog` VALUES (-997569942, 1150861125, 3, 5, 1390413028, 0, 1);
INSERT INTO `cs_pot_accesslog` VALUES (-1407189520, 1150861146, 3, 5, 1390413028, 0, 1);
INSERT INTO `cs_pot_accesslog` VALUES (-556642841, 1150861156, 3, 5, 1390413028, 0, 1);
INSERT INTO `cs_pot_accesslog` VALUES (264228182, 1150861162, 3, 5, 1390413028, 0, 1);
INSERT INTO `cs_pot_accesslog` VALUES (1471223858, 1150861167, 3, 5, 1390413028, 0, 1);
INSERT INTO `cs_pot_accesslog` VALUES (-2139007969, 1150861213, 3, 5, 1390413028, 0, 1);
INSERT INTO `cs_pot_accesslog` VALUES (585866094, 1150861311, 3, 5, 1390413028, 0, 1);
INSERT INTO `cs_pot_accesslog` VALUES (585866094, 1150861313, 3, 5, 172387268, 0, 0);
INSERT INTO `cs_pot_accesslog` VALUES (585866094, 1150861322, 3, 5, 1526526107, 0, 0);
INSERT INTO `cs_pot_accesslog` VALUES (585866094, 1150861323, 3, 5, -1749941107, 0, 0);
INSERT INTO `cs_pot_accesslog` VALUES (1064299594, 1150861356, 3, 5, 1390413028, 0, 1);
INSERT INTO `cs_pot_accesslog` VALUES (1064299594, 1150861371, 3, 5, 1526526107, 0, 0);
INSERT INTO `cs_pot_accesslog` VALUES (-1343008485, 1150863056, 3, 6, 1390413028, 0, 1);
INSERT INTO `cs_pot_accesslog` VALUES (-1343008485, 1150863062, 3, 6, 1526526107, 0, 0);
INSERT INTO `cs_pot_accesslog` VALUES (-1343008485, 1150863162, 3, 6, -45746190, 0, 0);
INSERT INTO `cs_pot_accesslog` VALUES (-1343008485, 1150863309, 3, 6, -1749941107, 0, 0);
INSERT INTO `cs_pot_accesslog` VALUES (-1343008485, 1150863613, 3, 6, -45746190, 0, 0);
INSERT INTO `cs_pot_accesslog` VALUES (-304208467, 1150863727, 3, 6, 1008761674, 0, 1);
INSERT INTO `cs_pot_accesslog` VALUES (1253256836, 1150863727, 3, 6, 1864550530, 0, 1);
INSERT INTO `cs_pot_accesslog` VALUES (-122968643, 1150863727, 3, 6, 1864550530, 0, 1);
INSERT INTO `cs_pot_accesslog` VALUES (-1000004898, 1150863728, 3, 6, 1864550530, 0, 1);
INSERT INTO `cs_pot_accesslog` VALUES (2071970912, 1150863728, 3, 6, 1864550530, 0, 1);
INSERT INTO `cs_pot_accesslog` VALUES (2092053855, 1150863728, 3, 6, 1864550530, 0, 1);
INSERT INTO `cs_pot_accesslog` VALUES (589304951, 1150863729, 3, 6, 1864550530, 0, 1);
INSERT INTO `cs_pot_accesslog` VALUES (-1375920613, 1150863729, 3, 6, 1864550530, 0, 1);
INSERT INTO `cs_pot_accesslog` VALUES (412607443, 1150863729, 3, 6, 1864550530, 0, 1);
INSERT INTO `cs_pot_accesslog` VALUES (1376116182, 1150863730, 3, 6, 1864550530, 0, 1);
INSERT INTO `cs_pot_accesslog` VALUES (-1897783115, 1150863730, 3, 6, 1864550530, 0, 1);
INSERT INTO `cs_pot_accesslog` VALUES (-23022525, 1150863730, 3, 6, 1864550530, 0, 1);
INSERT INTO `cs_pot_accesslog` VALUES (-1061965981, 1150863731, 3, 6, 1864550530, 0, 1);
INSERT INTO `cs_pot_accesslog` VALUES (-504332500, 1150863731, 3, 6, 1864550530, 0, 1);
INSERT INTO `cs_pot_accesslog` VALUES (-1973641702, 1150863731, 3, 6, 1864550530, 0, 1);
INSERT INTO `cs_pot_accesslog` VALUES (-824999684, 1150863732, 3, 6, 1864550530, 0, 1);
INSERT INTO `cs_pot_accesslog` VALUES (-509880572, 1150863732, 3, 6, 1864550530, 0, 1);
INSERT INTO `cs_pot_accesslog` VALUES (1191007782, 1150863732, 3, 6, 1864550530, 0, 1);
INSERT INTO `cs_pot_accesslog` VALUES (-640254447, 1150863733, 3, 6, 1864550530, 0, 1);
INSERT INTO `cs_pot_accesslog` VALUES (392611751, 1150863733, 3, 6, 1864550530, 0, 1);
INSERT INTO `cs_pot_accesslog` VALUES (1597997613, 1150863733, 3, 6, 1864550530, 0, 1);
INSERT INTO `cs_pot_accesslog` VALUES (-1918827868, 1150864074, 3, 6, -1749941107, 0, 1);
INSERT INTO `cs_pot_accesslog` VALUES (5231201, 1150864075, 3, 6, 1864550530, 0, 1);
INSERT INTO `cs_pot_accesslog` VALUES (100262669, 1150864075, 3, 6, 1864550530, 0, 1);
INSERT INTO `cs_pot_accesslog` VALUES (-1837511215, 1150864075, 3, 6, 1864550530, 0, 1);
INSERT INTO `cs_pot_accesslog` VALUES (-292230748, 1150864076, 3, 6, 1864550530, 0, 1);
INSERT INTO `cs_pot_accesslog` VALUES (1226424768, 1150864076, 3, 6, 1864550530, 0, 1);
INSERT INTO `cs_pot_accesslog` VALUES (1284195389, 1150864076, 3, 6, 1864550530, 0, 1);
INSERT INTO `cs_pot_accesslog` VALUES (-737518808, 1150864077, 3, 6, 1864550530, 0, 1);
INSERT INTO `cs_pot_accesslog` VALUES (806642551, 1150864077, 3, 6, 1864550530, 0, 1);
INSERT INTO `cs_pot_accesslog` VALUES (2106034926, 1150864077, 3, 6, 1864550530, 0, 1);
INSERT INTO `cs_pot_accesslog` VALUES (1694890130, 1150864078, 3, 6, 1864550530, 0, 1);
INSERT INTO `cs_pot_accesslog` VALUES (-864959897, 1150864078, 3, 6, 1864550530, 0, 1);
INSERT INTO `cs_pot_accesslog` VALUES (-425434127, 1150864078, 3, 6, 1864550530, 0, 1);
INSERT INTO `cs_pot_accesslog` VALUES (-252680118, 1150864078, 3, 6, 1864550530, 0, 1);
INSERT INTO `cs_pot_accesslog` VALUES (-1366325263, 1150864079, 3, 6, 1864550530, 0, 1);
INSERT INTO `cs_pot_accesslog` VALUES (-309244211, 1150864079, 3, 6, 1864550530, 0, 1);
INSERT INTO `cs_pot_accesslog` VALUES (1909065417, 1150864079, 3, 6, 1864550530, 0, 1);
INSERT INTO `cs_pot_accesslog` VALUES (17727941, 1150864080, 3, 6, 1864550530, 0, 1);
INSERT INTO `cs_pot_accesslog` VALUES (1988285315, 1150864080, 3, 6, 1864550530, 0, 1);
INSERT INTO `cs_pot_accesslog` VALUES (-1295013625, 1150864080, 3, 6, 1864550530, 0, 1);
INSERT INTO `cs_pot_accesslog` VALUES (709396784, 1150864081, 3, 6, 1864550530, 0, 1);
INSERT INTO `cs_pot_accesslog` VALUES (682257806, 1150864096, 3, 6, 1864550530, 0, 1);
INSERT INTO `cs_pot_accesslog` VALUES (-1845433808, 1150864096, 3, 6, 1864550530, 0, 1);
INSERT INTO `cs_pot_accesslog` VALUES (1903395744, 1150864097, 3, 6, 1864550530, 0, 1);
INSERT INTO `cs_pot_accesslog` VALUES (1802109659, 1150864097, 3, 6, 1864550530, 0, 1);
INSERT INTO `cs_pot_accesslog` VALUES (1098896906, 1150864097, 3, 6, 1864550530, 0, 1);
INSERT INTO `cs_pot_accesslog` VALUES (1364928085, 1150864098, 3, 6, 1864550530, 0, 1);
INSERT INTO `cs_pot_accesslog` VALUES (699864734, 1150864098, 3, 6, 1864550530, 0, 1);
INSERT INTO `cs_pot_accesslog` VALUES (2003997468, 1150864098, 3, 6, 1864550530, 0, 1);
INSERT INTO `cs_pot_accesslog` VALUES (-1381186023, 1150864099, 3, 6, 1864550530, 0, 1);
INSERT INTO `cs_pot_accesslog` VALUES (1228238072, 1150864099, 3, 6, 1864550530, 0, 1);
INSERT INTO `cs_pot_accesslog` VALUES (-709412386, 1150864099, 3, 6, 1864550530, 0, 1);
INSERT INTO `cs_pot_accesslog` VALUES (1596595681, 1150864099, 3, 6, 1864550530, 0, 1);
INSERT INTO `cs_pot_accesslog` VALUES (1588799942, 1150864100, 3, 6, 1864550530, 0, 1);
INSERT INTO `cs_pot_accesslog` VALUES (-390959097, 1150864100, 3, 6, 1864550530, 0, 1);
INSERT INTO `cs_pot_accesslog` VALUES (1362460925, 1150864100, 3, 6, 1864550530, 0, 1);
INSERT INTO `cs_pot_accesslog` VALUES (-1956425781, 1150864377, 3, 6, 1864550530, 0, 1);
INSERT INTO `cs_pot_accesslog` VALUES (-1343008485, 1150864387, 3, 6, 1864550530, 0, 0);
INSERT INTO `cs_pot_accesslog` VALUES (-1343008485, 1150864461, 3, 6, 172387268, 0, 0);
INSERT INTO `cs_pot_accesslog` VALUES (1622576286, 1150864477, 3, 6, 1008761674, 0, 1);
INSERT INTO `cs_pot_accesslog` VALUES (255325382, 1150864595, 3, 6, 1008761674, 0, 1);
INSERT INTO `cs_pot_accesslog` VALUES (2141347083, 1150864630, 3, 6, 172387268, 0, 1);
INSERT INTO `cs_pot_accesslog` VALUES (2035532204, 1150864632, 3, 6, 1526526107, 0, 1);
INSERT INTO `cs_pot_accesslog` VALUES (-547291663, 1150864694, 3, 6, 1526526107, 0, 1);
INSERT INTO `cs_pot_accesslog` VALUES (535445220, 1150864698, 3, 6, 172387268, 0, 1);
INSERT INTO `cs_pot_accesslog` VALUES (-616106989, 1150864749, 3, 6, 172387268, 0, 1);
INSERT INTO `cs_pot_accesslog` VALUES (1039962814, 1150864751, 3, 6, 1864550530, 0, 1);
INSERT INTO `cs_pot_accesslog` VALUES (747756228, 1150864764, 3, 6, 1864550530, 0, 1);
INSERT INTO `cs_pot_accesslog` VALUES (-945763002, 1150864815, 3, 6, 1864550530, 0, 1);
INSERT INTO `cs_pot_accesslog` VALUES (-1730733898, 1150864859, 3, 6, 1864550530, 0, 1);
INSERT INTO `cs_pot_accesslog` VALUES (-1134950398, 1150864901, 3, 6, 1864550530, 0, 1);
INSERT INTO `cs_pot_accesslog` VALUES (-1100718375, 1150864966, 3, 6, 1864550530, 0, 1);
INSERT INTO `cs_pot_accesslog` VALUES (114115814, 1150864994, 3, 6, 1864550530, 0, 1);
INSERT INTO `cs_pot_accesslog` VALUES (329240319, 1150865009, 3, 6, 1864550530, 0, 1);
INSERT INTO `cs_pot_accesslog` VALUES (2080327544, 1150865056, 3, 6, 1864550530, 0, 1);
INSERT INTO `cs_pot_accesslog` VALUES (-1987502169, 1150865198, 3, 6, 1864550530, 0, 1);
INSERT INTO `cs_pot_accesslog` VALUES (-884570765, 1150865208, 3, 6, 1864550530, 0, 1);
INSERT INTO `cs_pot_accesslog` VALUES (1621001099, 1150865219, 3, 6, 1864550530, 0, 1);
INSERT INTO `cs_pot_accesslog` VALUES (-1471668818, 1150865239, 3, 6, 1864550530, 0, 1);
INSERT INTO `cs_pot_accesslog` VALUES (-2040020655, 1150865249, 3, 6, 1864550530, 0, 1);
INSERT INTO `cs_pot_accesslog` VALUES (-218074463, 1150865262, 3, 6, 1864550530, 0, 1);
INSERT INTO `cs_pot_accesslog` VALUES (-1825594076, 1150865404, 3, 6, 1864550530, 0, 1);
INSERT INTO `cs_pot_accesslog` VALUES (-566096215, 1150865651, 3, 6, 1864550530, 0, 1);
INSERT INTO `cs_pot_accesslog` VALUES (1227148134, 1150865673, 3, 6, 1864550530, 0, 1);
INSERT INTO `cs_pot_accesslog` VALUES (488470803, 1150865678, 3, 6, 2043925204, 0, 1);
INSERT INTO `cs_pot_accesslog` VALUES (-667718642, 1150865691, 3, 6, 2043925204, 0, 1);
INSERT INTO `cs_pot_accesslog` VALUES (-2133625661, 1150865705, 3, 6, 2043925204, 0, 1);
INSERT INTO `cs_pot_accesslog` VALUES (385094360, 1150865727, 3, 6, 2043925204, 0, 1);
INSERT INTO `cs_pot_accesslog` VALUES (1344328200, 1150865733, 3, 6, 2043925204, 0, 1);
INSERT INTO `cs_pot_accesslog` VALUES (1747326035, 1150865757, 3, 6, 2043925204, 0, 1);
INSERT INTO `cs_pot_accesslog` VALUES (1370051575, 1150865780, 3, 6, 2043925204, 0, 1);
INSERT INTO `cs_pot_accesslog` VALUES (880669310, 1150865796, 3, 6, 2043925204, 0, 1);
INSERT INTO `cs_pot_accesslog` VALUES (-1389655859, 1150866463, 3, 7, 2043925204, 0, 1);
INSERT INTO `cs_pot_accesslog` VALUES (-1168134251, 1150866501, 3, 7, 2043925204, 0, 1);
INSERT INTO `cs_pot_accesslog` VALUES (156019731, 1150866510, 3, 7, 1864550530, 0, 1);
INSERT INTO `cs_pot_accesslog` VALUES (-937227526, 1150866521, 3, 7, 1864550530, 0, 1);
INSERT INTO `cs_pot_accesslog` VALUES (-852121941, 1150866530, 3, 7, 1864550530, 0, 1);
INSERT INTO `cs_pot_accesslog` VALUES (-597459878, 1150866536, 3, 7, 1864550530, 0, 1);
INSERT INTO `cs_pot_accesslog` VALUES (-1489318013, 1150866553, 3, 7, 1864550530, 0, 1);
INSERT INTO `cs_pot_accesslog` VALUES (1908428534, 1150866554, 3, 7, 1864550530, 0, 1);
INSERT INTO `cs_pot_accesslog` VALUES (1279974839, 1150866733, 3, 7, 2043925204, 0, 1);
INSERT INTO `cs_pot_accesslog` VALUES (1170160738, 1150867010, 3, 7, 2043925204, 0, 1);
INSERT INTO `cs_pot_accesslog` VALUES (1170160738, 1150867020, 3, 7, 172387268, 0, 0);
INSERT INTO `cs_pot_accesslog` VALUES (90598835, 1150867026, 3, 7, 2043925204, 0, 1);
INSERT INTO `cs_pot_accesslog` VALUES (-861809820, 1150867032, 3, 7, 2043925204, 0, 1);
INSERT INTO `cs_pot_accesslog` VALUES (-569118839, 1150867067, 3, 7, 2043925204, 0, 1);
INSERT INTO `cs_pot_accesslog` VALUES (724409967, 1150867089, 3, 7, 2043925204, 0, 1);
INSERT INTO `cs_pot_accesslog` VALUES (1608850264, 1150867380, 3, 7, 2043925204, 0, 1);
INSERT INTO `cs_pot_accesslog` VALUES (-1871410132, 1150867436, 3, 7, 2043925204, 0, 1);
INSERT INTO `cs_pot_accesslog` VALUES (-1871410132, 1150867448, 3, 7, 1864550530, 0, 0);
INSERT INTO `cs_pot_accesslog` VALUES (-1590803744, 1150867519, 3, 7, 2043925204, 0, 1);
INSERT INTO `cs_pot_accesslog` VALUES (1802957098, 1150867525, 3, 7, 2043925204, 0, 1);
INSERT INTO `cs_pot_accesslog` VALUES (-1999601689, 1150867534, 3, 7, 2043925204, 0, 1);
INSERT INTO `cs_pot_accesslog` VALUES (724206196, 1150867806, 3, 7, 2043925204, 0, 1);
INSERT INTO `cs_pot_accesslog` VALUES (-671776281, 1150867806, 3, 7, 1864550530, 0, 1);
INSERT INTO `cs_pot_accesslog` VALUES (2143466906, 1150867806, 3, 7, 1864550530, 0, 1);
INSERT INTO `cs_pot_accesslog` VALUES (-1578169215, 1150867807, 3, 7, 1864550530, 0, 1);
INSERT INTO `cs_pot_accesslog` VALUES (663759656, 1150867807, 3, 7, 1864550530, 0, 1);
INSERT INTO `cs_pot_accesslog` VALUES (-430498141, 1150867807, 3, 7, 1864550530, 0, 1);
INSERT INTO `cs_pot_accesslog` VALUES (-1331117142, 1150867807, 3, 7, 1864550530, 0, 1);
INSERT INTO `cs_pot_accesslog` VALUES (1890003952, 1150867808, 3, 7, 1864550530, 0, 1);
INSERT INTO `cs_pot_accesslog` VALUES (-1905261523, 1150867808, 3, 7, 1864550530, 0, 1);
INSERT INTO `cs_pot_accesslog` VALUES (405400671, 1150867808, 3, 7, 1864550530, 0, 1);
INSERT INTO `cs_pot_accesslog` VALUES (-1455684272, 1150867809, 3, 7, 1864550530, 0, 1);
INSERT INTO `cs_pot_accesslog` VALUES (-1739822971, 1150867809, 3, 7, 1864550530, 0, 1);
INSERT INTO `cs_pot_accesslog` VALUES (-1823935102, 1150867809, 3, 7, 1864550530, 0, 1);
INSERT INTO `cs_pot_accesslog` VALUES (1195442790, 1150867809, 3, 7, 1864550530, 0, 1);
INSERT INTO `cs_pot_accesslog` VALUES (-1184913697, 1150867810, 3, 7, 1864550530, 0, 1);
INSERT INTO `cs_pot_accesslog` VALUES (-2026010846, 1150867810, 3, 7, 1864550530, 0, 1);
INSERT INTO `cs_pot_accesslog` VALUES (1702990567, 1150867810, 3, 7, 1864550530, 0, 1);
INSERT INTO `cs_pot_accesslog` VALUES (1184857403, 1150867811, 3, 7, 1864550530, 0, 1);
INSERT INTO `cs_pot_accesslog` VALUES (-737189672, 1150867811, 3, 7, 1864550530, 0, 1);
INSERT INTO `cs_pot_accesslog` VALUES (1521012439, 1150867811, 3, 7, 1864550530, 0, 1);
INSERT INTO `cs_pot_accesslog` VALUES (1662308085, 1150867812, 3, 7, 1864550530, 0, 1);
INSERT INTO `cs_pot_accesslog` VALUES (-702165337, 1150867838, 3, 7, 2043925204, 0, 1);
INSERT INTO `cs_pot_accesslog` VALUES (-1816952186, 1150867875, 3, 7, 2043925204, 0, 1);
INSERT INTO `cs_pot_accesslog` VALUES (-1370221921, 1150867929, 3, 7, 2043925204, 0, 1);
INSERT INTO `cs_pot_accesslog` VALUES (-1722153317, 1150867959, 3, 7, 2043925204, 0, 1);
INSERT INTO `cs_pot_accesslog` VALUES (-593477631, 1150867961, 3, 7, 2043925204, 0, 1);
INSERT INTO `cs_pot_accesslog` VALUES (-1237762723, 1150867977, 3, 7, 2043925204, 0, 1);
INSERT INTO `cs_pot_accesslog` VALUES (-1237762723, 1150868006, 3, 7, 1864550530, 0, 0);
INSERT INTO `cs_pot_accesslog` VALUES (-1237762723, 1150868045, 3, 7, 1526526107, 0, 0);
INSERT INTO `cs_pot_accesslog` VALUES (-1237762723, 1150868047, 3, 7, 1864550530, 0, 0);
INSERT INTO `cs_pot_accesslog` VALUES (-312304122, 1150868109, 3, 7, 2043925204, 0, 1);
INSERT INTO `cs_pot_accesslog` VALUES (-312304122, 1150868113, 3, 7, 1864550530, 0, 0);
INSERT INTO `cs_pot_accesslog` VALUES (-472717838, 1150868130, 3, 7, 1864550530, 0, 1);
INSERT INTO `cs_pot_accesslog` VALUES (530471079, 1150868157, 3, 7, 2043925204, 0, 1);
INSERT INTO `cs_pot_accesslog` VALUES (-868286086, 1150868161, 3, 7, 1864550530, 0, 1);
INSERT INTO `cs_pot_accesslog` VALUES (-868286086, 1150868794, 3, 7, -1749941107, 0, 0);
INSERT INTO `cs_pot_accesslog` VALUES (-868286086, 1150868796, 3, 7, 1204740461, 0, 0);
INSERT INTO `cs_pot_accesslog` VALUES (-868286086, 1150868802, 3, 7, 2043925204, 0, 0);
INSERT INTO `cs_pot_accesslog` VALUES (-868286086, 1150868837, 3, 7, 1204740461, 0, 0);
INSERT INTO `cs_pot_accesslog` VALUES (-868286086, 1150868843, 3, 7, 2043925204, 0, 0);
INSERT INTO `cs_pot_accesslog` VALUES (-868286086, 1150871318, 3, 8, -45746190, 0, 0);
INSERT INTO `cs_pot_accesslog` VALUES (-868286086, 1150871323, 3, 8, 2043925204, 0, 0);
INSERT INTO `cs_pot_accesslog` VALUES (-868286086, 1150871696, 3, 8, -26526459, 0, 0);
INSERT INTO `cs_pot_accesslog` VALUES (1120354862, 1150873249, 3, 9, -26526459, 0, 1);
INSERT INTO `cs_pot_accesslog` VALUES (1120354862, 1150873253, 3, 9, 1204740461, 0, 0);
INSERT INTO `cs_pot_accesslog` VALUES (-1729058162, 1150873561, 3, 9, 1864550530, 0, 1);
INSERT INTO `cs_pot_accesslog` VALUES (-539990528, 1150873575, 3, 9, 1864550530, 0, 1);
INSERT INTO `cs_pot_accesslog` VALUES (-539990528, 1150873577, 3, 9, -1749941107, 0, 0);
INSERT INTO `cs_pot_accesslog` VALUES (407852108, 1150874142, 3, 9, 1864550530, 0, 1);
INSERT INTO `cs_pot_accesslog` VALUES (407852108, 1150874154, 3, 9, -45746190, 0, 0);
INSERT INTO `cs_pot_accesslog` VALUES (407852108, 1150874156, 3, 9, 1008761674, 0, 0);
INSERT INTO `cs_pot_accesslog` VALUES (1254829442, 1150874162, 3, 9, 2043925204, 0, 1);
INSERT INTO `cs_pot_accesslog` VALUES (1254829442, 1150874166, 3, 9, 172387268, 0, 0);
INSERT INTO `cs_pot_accesslog` VALUES (-745834993, 1150874171, 3, 9, 2043925204, 0, 1);
INSERT INTO `cs_pot_accesslog` VALUES (-745834993, 1150874213, 3, 9, -45746190, 0, 0);
INSERT INTO `cs_pot_accesslog` VALUES (-1943266136, 1150874219, 3, 9, 1864550530, 0, 1);
INSERT INTO `cs_pot_accesslog` VALUES (-1943266136, 1150874225, 3, 9, -45746190, 0, 0);
INSERT INTO `cs_pot_accesslog` VALUES (-13294530, 1150874230, 3, 9, 1864550530, 0, 1);
INSERT INTO `cs_pot_accesslog` VALUES (-13294530, 1150874394, 3, 9, -45746190, 0, 0);
INSERT INTO `cs_pot_accesslog` VALUES (-203403274, 1150874400, 3, 9, 1864550530, 0, 1);
INSERT INTO `cs_pot_accesslog` VALUES (-203403274, 1150874430, 3, 9, 1008761674, 0, 0);
INSERT INTO `cs_pot_accesslog` VALUES (1182153416, 1150874435, 3, 9, 1864550530, 0, 1);
INSERT INTO `cs_pot_accesslog` VALUES (1182153416, 1150874452, 3, 9, 1008761674, 0, 0);
INSERT INTO `cs_pot_accesslog` VALUES (891171527, 1150874458, 3, 9, 1864550530, 0, 1);
INSERT INTO `cs_pot_accesslog` VALUES (891171527, 1150874471, 3, 9, -45746190, 0, 0);
INSERT INTO `cs_pot_accesslog` VALUES (548552480, 1150874477, 3, 9, 1864550530, 0, 1);
INSERT INTO `cs_pot_accesslog` VALUES (548552480, 1150874488, 3, 9, 1204740461, 0, 0);
INSERT INTO `cs_pot_accesslog` VALUES (-1987975026, 1150874494, 3, 9, 1864550530, 0, 1);
INSERT INTO `cs_pot_accesslog` VALUES (-1987975026, 1150874544, 3, 9, 172387268, 0, 0);
INSERT INTO `cs_pot_accesslog` VALUES (1057464663, 1150874549, 3, 9, 1864550530, 0, 1);
INSERT INTO `cs_pot_accesslog` VALUES (1057464663, 1150874558, 3, 9, 172387268, 0, 0);
INSERT INTO `cs_pot_accesslog` VALUES (464289462, 1150874564, 3, 9, 1864550530, 0, 1);
INSERT INTO `cs_pot_accesslog` VALUES (889144184, 1150874576, 3, 9, 1864550530, 0, 1);
INSERT INTO `cs_pot_accesslog` VALUES (889144184, 1150874577, 3, 9, -45746190, 0, 0);
INSERT INTO `cs_pot_accesslog` VALUES (814290746, 1150874583, 3, 9, 1864550530, 0, 1);
INSERT INTO `cs_pot_accesslog` VALUES (814290746, 1150874601, 3, 9, -45746190, 0, 0);
INSERT INTO `cs_pot_accesslog` VALUES (2038205722, 1150874607, 3, 9, 1864550530, 0, 1);
INSERT INTO `cs_pot_accesslog` VALUES (2038205722, 1150874620, 3, 9, -45746190, 0, 0);
INSERT INTO `cs_pot_accesslog` VALUES (346190778, 1150874625, 3, 9, 1864550530, 0, 1);
INSERT INTO `cs_pot_accesslog` VALUES (346190778, 1150874782, 3, 9, 172387268, 0, 0);
INSERT INTO `cs_pot_accesslog` VALUES (461944759, 1150874788, 3, 9, 1864550530, 0, 1);
INSERT INTO `cs_pot_accesslog` VALUES (-1554828925, 1150874794, 3, 9, 1864550530, 0, 1);
INSERT INTO `cs_pot_accesslog` VALUES (-1554828925, 1150874796, 3, 9, -45746190, 0, 0);
INSERT INTO `cs_pot_accesslog` VALUES (-1199485795, 1150874802, 3, 9, 1864550530, 0, 1);
INSERT INTO `cs_pot_accesslog` VALUES (-1199485795, 1150874814, 3, 9, -45746190, 0, 0);
INSERT INTO `cs_pot_accesslog` VALUES (-1842546964, 1150874820, 3, 9, 1864550530, 0, 1);
INSERT INTO `cs_pot_accesslog` VALUES (260030303, 1150874833, 3, 9, 1864550530, 0, 1);
INSERT INTO `cs_pot_accesslog` VALUES (260030303, 1150874835, 3, 9, 172387268, 0, 0);
INSERT INTO `cs_pot_accesslog` VALUES (788479774, 1150874841, 3, 9, 1864550530, 0, 1);
INSERT INTO `cs_pot_accesslog` VALUES (788479774, 1150874876, 3, 9, -45746190, 0, 0);
INSERT INTO `cs_pot_accesslog` VALUES (729342471, 1150874882, 3, 9, 1864550530, 0, 1);
INSERT INTO `cs_pot_accesslog` VALUES (729342471, 1150875135, 3, 9, -45746190, 0, 0);
INSERT INTO `cs_pot_accesslog` VALUES (-247509005, 1150875141, 3, 9, 1864550530, 0, 1);
INSERT INTO `cs_pot_accesslog` VALUES (-247509005, 1150875164, 3, 9, -45746190, 0, 0);
INSERT INTO `cs_pot_accesslog` VALUES (750862013, 1150875170, 3, 9, 1864550530, 0, 1);
INSERT INTO `cs_pot_accesslog` VALUES (-1341912836, 1150875196, 3, 9, 1864550530, 0, 1);
INSERT INTO `cs_pot_accesslog` VALUES (-1341912836, 1150875197, 3, 9, -45746190, 0, 0);
INSERT INTO `cs_pot_accesslog` VALUES (-1341912836, 1150875202, 3, 9, 1864550530, 0, 0);
INSERT INTO `cs_pot_accesslog` VALUES (-1341912836, 1150875651, 3, 9, 1204740461, 0, 0);
INSERT INTO `cs_pot_accesslog` VALUES (-1341912836, 1150875657, 3, 9, 1864550530, 0, 0);
INSERT INTO `cs_pot_accesslog` VALUES (781600049, 1150875673, 3, 9, 1390413028, 0, 1);
INSERT INTO `cs_pot_accesslog` VALUES (-1856586466, 1150875794, 3, 9, 1864550530, 0, 1);
INSERT INTO `cs_pot_accesslog` VALUES (288326658, 1150875835, 3, 9, 1864550530, 0, 1);
INSERT INTO `cs_pot_accesslog` VALUES (1557555543, 1150875848, 3, 9, 2043925204, 0, 1);
INSERT INTO `cs_pot_accesslog` VALUES (2050748085, 1150875857, 3, 9, 1864550530, 0, 1);
INSERT INTO `cs_pot_accesslog` VALUES (-1348882840, 1150875865, 3, 9, 1864550530, 0, 1);
INSERT INTO `cs_pot_accesslog` VALUES (-1348882840, 1150875876, 3, 9, 1008761674, 0, 0);
INSERT INTO `cs_pot_accesslog` VALUES (781600049, 1150875877, 3, 9, 1864550530, 0, 0);
INSERT INTO `cs_pot_accesslog` VALUES (-1348882840, 1150875878, 3, 9, -45746190, 0, 0);
INSERT INTO `cs_pot_accesslog` VALUES (-1348882840, 1150875884, 3, 9, 1864550530, 0, 0);
INSERT INTO `cs_pot_accesslog` VALUES (-1706967472, 1150876021, 3, 9, 1864550530, 0, 1);
INSERT INTO `cs_pot_accesslog` VALUES (-83123422, 1150876134, 3, 9, 1864550530, 0, 1);
INSERT INTO `cs_pot_accesslog` VALUES (-83123422, 1150876147, 3, 9, -45746190, 0, 0);
INSERT INTO `cs_pot_accesslog` VALUES (-83123422, 1150876152, 3, 9, 1864550530, 0, 0);
INSERT INTO `cs_pot_accesslog` VALUES (-1211760009, 1150876950, 3, 10, 2043925204, 0, 1);
INSERT INTO `cs_pot_accesslog` VALUES (-1211760009, 1150876986, 3, 10, 1526526107, 0, 0);
INSERT INTO `cs_pot_accesslog` VALUES (-1211760009, 1150876989, 3, 10, 1008761674, 0, 0);
INSERT INTO `cs_pot_accesslog` VALUES (-1211760009, 1150876994, 3, 10, 1526526107, 0, 0);
INSERT INTO `cs_pot_accesslog` VALUES (-1211760009, 1150876995, 3, 10, 1864550530, 0, 0);
INSERT INTO `cs_pot_accesslog` VALUES (-1211760009, 1150877000, 3, 10, 1008761674, 0, 0);
INSERT INTO `cs_pot_accesslog` VALUES (-1211760009, 1150877005, 3, 10, 1864550530, 0, 0);
INSERT INTO `cs_pot_accesslog` VALUES (783718693, 1150878848, 3, 10, 2043925204, 0, 1);
INSERT INTO `cs_pot_accesslog` VALUES (-1859140456, 1150879074, 3, 10, 2043925204, 0, 1);
INSERT INTO `cs_pot_accesslog` VALUES (-664954218, 1150879129, 3, 10, 2043925204, 0, 1);
INSERT INTO `cs_pot_accesslog` VALUES (-1309247820, 1150879157, 3, 10, 2043925204, 0, 1);
INSERT INTO `cs_pot_accesslog` VALUES (-918450800, 1150879209, 3, 10, 2043925204, 0, 1);
INSERT INTO `cs_pot_accesslog` VALUES (-188250589, 1150879223, 3, 10, 2043925204, 0, 1);
INSERT INTO `cs_pot_accesslog` VALUES (1807506633, 1150879344, 3, 10, 2043925204, 0, 1);
INSERT INTO `cs_pot_accesslog` VALUES (-1207744176, 1150882357, 3, 11, 2043925204, 0, 1);
INSERT INTO `cs_pot_accesslog` VALUES (463343669, 1150882403, 3, 11, 1864550530, 0, 1);
INSERT INTO `cs_pot_accesslog` VALUES (-1207744176, 1150909897, 3, 19, 1864550530, 0, 0);
INSERT INTO `cs_pot_accesslog` VALUES (-1207744176, 1150909969, 3, 19, 172387268, 0, 0);
INSERT INTO `cs_pot_accesslog` VALUES (-1207744176, 1150909975, 3, 19, 1864550530, 0, 0);
INSERT INTO `cs_pot_accesslog` VALUES (-601715296, 1150930491, 4, 0, 2043925204, 0, 1);
INSERT INTO `cs_pot_accesslog` VALUES (-601715296, 1150930502, 4, 0, 1204740461, 0, 0);
INSERT INTO `cs_pot_accesslog` VALUES (-601715296, 1150930508, 4, 0, 1864550530, 0, 0);
INSERT INTO `cs_pot_accesslog` VALUES (-601715296, 1150936413, 4, 2, 2043925204, 0, 0);
INSERT INTO `cs_pot_accesslog` VALUES (-601715296, 1150936417, 4, 2, -45746190, 0, 0);
INSERT INTO `cs_pot_accesslog` VALUES (-601715296, 1150936418, 4, 2, 1204740461, 0, 0);
INSERT INTO `cs_pot_accesslog` VALUES (-601715296, 1150936424, 4, 2, 1864550530, 0, 0);
INSERT INTO `cs_pot_accesslog` VALUES (-1323682050, 1150936500, 4, 2, 1526526107, 0, 1);
INSERT INTO `cs_pot_accesslog` VALUES (-1323682050, 1150936506, 4, 2, 1204740461, 0, 0);
INSERT INTO `cs_pot_accesslog` VALUES (-1323682050, 1150936512, 4, 2, 1864550530, 0, 0);
INSERT INTO `cs_pot_accesslog` VALUES (448643594, 1150936521, 4, 2, 1526526107, 0, 1);
INSERT INTO `cs_pot_accesslog` VALUES (448643594, 1150936526, 4, 2, -45746190, 0, 0);
INSERT INTO `cs_pot_accesslog` VALUES (448643594, 1150936532, 4, 2, 1864550530, 0, 0);
INSERT INTO `cs_pot_accesslog` VALUES (448643594, 1150936589, 4, 2, 1008761674, 0, 0);
INSERT INTO `cs_pot_accesslog` VALUES (448643594, 1150936594, 4, 2, 1864550530, 0, 0);
INSERT INTO `cs_pot_accesslog` VALUES (-993336737, 1151003130, 4, 21, 2043925204, 0, 1);
INSERT INTO `cs_pot_accesslog` VALUES (-993336737, 1151003146, 4, 21, 1204740461, 0, 0);
INSERT INTO `cs_pot_accesslog` VALUES (-993336737, 1151003152, 4, 21, 1864550530, 0, 0);
INSERT INTO `cs_pot_accesslog` VALUES (1551240664, 1151003306, 4, 21, 2043925204, 0, 1);
INSERT INTO `cs_pot_accesslog` VALUES (-628989077, 1151004456, 4, 21, 2043925204, 0, 1);
INSERT INTO `cs_pot_accesslog` VALUES (-628989077, 1151004474, 4, 21, 1526526107, 0, 0);
INSERT INTO `cs_pot_accesslog` VALUES (-628989077, 1151005064, 4, 21, 1008761674, 0, 0);
INSERT INTO `cs_pot_accesslog` VALUES (-628989077, 1151005069, 4, 21, 1864550530, 0, 0);
INSERT INTO `cs_pot_accesslog` VALUES (357037597, 1151005098, 4, 21, 1864550530, 0, 1);
INSERT INTO `cs_pot_accesslog` VALUES (357037597, 1151005103, 4, 21, 172387268, 0, 0);
INSERT INTO `cs_pot_accesslog` VALUES (357037597, 1151005108, 4, 21, 1864550530, 0, 0);
INSERT INTO `cs_pot_accesslog` VALUES (357037597, 1151007378, 4, 22, 1008761674, 0, 0);
INSERT INTO `cs_pot_accesslog` VALUES (357037597, 1151007383, 4, 22, 1864550530, 0, 0);
INSERT INTO `cs_pot_accesslog` VALUES (357037597, 1151011190, 4, 23, 1008761674, 0, 0);
INSERT INTO `cs_pot_accesslog` VALUES (357037597, 1151011194, 4, 23, 1864550530, 0, 0);
INSERT INTO `cs_pot_accesslog` VALUES (357037597, 1151011196, 4, 23, 1008761674, 0, 0);
INSERT INTO `cs_pot_accesslog` VALUES (357037597, 1151011196, 4, 23, 1864550530, 0, 0);
INSERT INTO `cs_pot_accesslog` VALUES (357037597, 1151021547, 5, 2, 1204740461, 0, 0);
INSERT INTO `cs_pot_accesslog` VALUES (357037597, 1151021550, 5, 2, 1864550530, 0, 0);

-- --------------------------------------------------------

-- 
-- Tabellenstruktur für Tabelle `cs_pot_add_data`
-- 

CREATE TABLE `cs_pot_add_data` (
  `accesslog_id` int(11) NOT NULL,
  `data_field` varchar(32) collate latin1_general_ci NOT NULL,
  `data_value` varchar(255) collate latin1_general_ci NOT NULL,
  KEY `accesslog_id` (`accesslog_id`)
) ENGINE=MyISAM DEFAULT CHARSET=latin1 COLLATE=latin1_general_ci DELAY_KEY_WRITE=1;

-- 
-- Daten für Tabelle `cs_pot_add_data`
-- 


-- --------------------------------------------------------

-- 
-- Tabellenstruktur für Tabelle `cs_pot_documents`
-- 

CREATE TABLE `cs_pot_documents` (
  `data_id` int(11) NOT NULL,
  `string` varchar(255) collate latin1_general_ci NOT NULL,
  `document_url` varchar(255) collate latin1_general_ci NOT NULL,
  PRIMARY KEY  (`data_id`)
) ENGINE=MyISAM DEFAULT CHARSET=latin1 COLLATE=latin1_general_ci DELAY_KEY_WRITE=1;

-- 
-- Daten für Tabelle `cs_pot_documents`
-- 

INSERT INTO `cs_pot_documents` VALUES (2043925204, '/', '/');
INSERT INTO `cs_pot_documents` VALUES (1740440180, '/index.php?', '/index.php?');
INSERT INTO `cs_pot_documents` VALUES (1864550530, '/index.php', '/index.php');
INSERT INTO `cs_pot_documents` VALUES (-45746190, '/index.php?mod=downloads', '/index.php?mod=downloads');
INSERT INTO `cs_pot_documents` VALUES (-1749941107, '/index.php?mod=news', '/index.php?mod=news');
INSERT INTO `cs_pot_documents` VALUES (172387268, '/index.php?mod=schedule', '/index.php?mod=schedule');
INSERT INTO `cs_pot_documents` VALUES (1008761674, '/index.php?mod=gallery', '/index.php?mod=gallery');
INSERT INTO `cs_pot_documents` VALUES (1526526107, '/index.php?mode=impressum', '/index.php?mode=impressum');
INSERT INTO `cs_pot_documents` VALUES (1204740461, '/index.php?mod=gb', '/index.php?mod=gb');
INSERT INTO `cs_pot_documents` VALUES (1390413028, '/index.php?mod=login', '/index.php?mod=login');
INSERT INTO `cs_pot_documents` VALUES (-26526459, '/index.php?bla=2', '/index.php?bla=2');

-- --------------------------------------------------------

-- 
-- Tabellenstruktur für Tabelle `cs_pot_exit_targets`
-- 

CREATE TABLE `cs_pot_exit_targets` (
  `data_id` int(11) NOT NULL,
  `string` varchar(255) collate latin1_general_ci NOT NULL,
  PRIMARY KEY  (`data_id`)
) ENGINE=MyISAM DEFAULT CHARSET=latin1 COLLATE=latin1_general_ci DELAY_KEY_WRITE=1;

-- 
-- Daten für Tabelle `cs_pot_exit_targets`
-- 


-- --------------------------------------------------------

-- 
-- Tabellenstruktur für Tabelle `cs_pot_hostnames`
-- 

CREATE TABLE `cs_pot_hostnames` (
  `data_id` int(11) NOT NULL,
  `string` varchar(255) collate latin1_general_ci NOT NULL,
  PRIMARY KEY  (`data_id`)
) ENGINE=MyISAM DEFAULT CHARSET=latin1 COLLATE=latin1_general_ci DELAY_KEY_WRITE=1;

-- 
-- Daten für Tabelle `cs_pot_hostnames`
-- 

INSERT INTO `cs_pot_hostnames` VALUES (-1631451101, 'localhost');
INSERT INTO `cs_pot_hostnames` VALUES (2091469435, 'tiscali.it');

-- --------------------------------------------------------

-- 
-- Tabellenstruktur für Tabelle `cs_pot_operating_systems`
-- 

CREATE TABLE `cs_pot_operating_systems` (
  `data_id` int(11) NOT NULL,
  `string` varchar(255) collate latin1_general_ci NOT NULL,
  PRIMARY KEY  (`data_id`)
) ENGINE=MyISAM DEFAULT CHARSET=latin1 COLLATE=latin1_general_ci DELAY_KEY_WRITE=1;

-- 
-- Daten für Tabelle `cs_pot_operating_systems`
-- 

INSERT INTO `cs_pot_operating_systems` VALUES (-114077417, 'Windows XP');
INSERT INTO `cs_pot_operating_systems` VALUES (2128529172, 'Not identified');

-- --------------------------------------------------------

-- 
-- Tabellenstruktur für Tabelle `cs_pot_referers`
-- 

CREATE TABLE `cs_pot_referers` (
  `data_id` int(11) NOT NULL,
  `string` varchar(255) collate latin1_general_ci NOT NULL,
  PRIMARY KEY  (`data_id`)
) ENGINE=MyISAM DEFAULT CHARSET=latin1 COLLATE=latin1_general_ci DELAY_KEY_WRITE=1;

-- 
-- Daten für Tabelle `cs_pot_referers`
-- 

INSERT INTO `cs_pot_referers` VALUES (1132472751, 'clansuite.com/');
INSERT INTO `cs_pot_referers` VALUES (-1441976475, 'clansuite.com/index.php?');
INSERT INTO `cs_pot_referers` VALUES (-1023914482, 'clansuite.com/index.php?suiteSID=661c28ed183de5b90e4383c034ff14f4&');
INSERT INTO `cs_pot_referers` VALUES (134826615, 'clansuite.com/index.php');
INSERT INTO `cs_pot_referers` VALUES (-905689769, 'www.clansuite.com/index.php');
INSERT INTO `cs_pot_referers` VALUES (-1065309911, 'clansuite.com/index.php?mod=downloads');
INSERT INTO `cs_pot_referers` VALUES (-102521874, 'clansuite.com/index.php?mod=gb&suiteSID=d57ae46b9af1ad6e406f214c8f5335c9');
INSERT INTO `cs_pot_referers` VALUES (103507867, 'clansuite.com/index.php?mod=login');
INSERT INTO `cs_pot_referers` VALUES (1270890137, 'clansuite.com/index.php?mode=impressum');
INSERT INTO `cs_pot_referers` VALUES (395143073, 'clansuite.com/index.php?mod=schedule');
INSERT INTO `cs_pot_referers` VALUES (1077705306, 'clansuite.com/index.php?mod=gallery');

-- --------------------------------------------------------

-- 
-- Tabellenstruktur für Tabelle `cs_pot_user_agents`
-- 

CREATE TABLE `cs_pot_user_agents` (
  `data_id` int(11) NOT NULL,
  `string` varchar(255) collate latin1_general_ci NOT NULL,
  PRIMARY KEY  (`data_id`)
) ENGINE=MyISAM DEFAULT CHARSET=latin1 COLLATE=latin1_general_ci DELAY_KEY_WRITE=1;

-- 
-- Daten für Tabelle `cs_pot_user_agents`
-- 

INSERT INTO `cs_pot_user_agents` VALUES (-530574017, 'Firefox/1.5');
INSERT INTO `cs_pot_user_agents` VALUES (2128529172, 'Not identified');
INSERT INTO `cs_pot_user_agents` VALUES (544147846, 'MSIE 6.0');
INSERT INTO `cs_pot_user_agents` VALUES (565011377, 'MSIE 7.0');

-- --------------------------------------------------------

-- 
-- Tabellenstruktur für Tabelle `cs_pot_visitors`
-- 

CREATE TABLE `cs_pot_visitors` (
  `accesslog_id` int(11) NOT NULL,
  `visitor_id` int(11) NOT NULL,
  `client_id` int(10) unsigned NOT NULL,
  `operating_system_id` int(11) NOT NULL,
  `user_agent_id` int(11) NOT NULL,
  `host_id` int(11) NOT NULL,
  `referer_id` int(11) NOT NULL,
  `timestamp` int(10) unsigned NOT NULL,
  `weekday` tinyint(1) unsigned NOT NULL,
  `hour` tinyint(2) unsigned NOT NULL,
  `returning_visitor` tinyint(1) unsigned NOT NULL,
  PRIMARY KEY  (`accesslog_id`),
  KEY `client_time` (`client_id`,`timestamp`)
) ENGINE=MyISAM DEFAULT CHARSET=latin1 COLLATE=latin1_general_ci DELAY_KEY_WRITE=1;

-- 
-- Daten für Tabelle `cs_pot_visitors`
-- 

INSERT INTO `cs_pot_visitors` VALUES (-1243081271, -1243081271, 1, -114077417, -530574017, -1631451101, 0, 1150833542, 2, 21, 0);
INSERT INTO `cs_pot_visitors` VALUES (12408568, 12408568, 1, -114077417, -530574017, -1631451101, 1132472751, 1150833555, 2, 21, 0);
INSERT INTO `cs_pot_visitors` VALUES (-1520139800, -1520139800, 1, -114077417, -530574017, -1631451101, 1132472751, 1150833626, 2, 22, 0);
INSERT INTO `cs_pot_visitors` VALUES (1928790422, 1928790422, 1, -114077417, -530574017, -1631451101, 1132472751, 1150834009, 2, 22, 0);
INSERT INTO `cs_pot_visitors` VALUES (-1920446340, -1920446340, 1, -114077417, -530574017, -1631451101, 1132472751, 1150834029, 2, 22, 0);
INSERT INTO `cs_pot_visitors` VALUES (-1732572996, -1732572996, 1, -114077417, -530574017, -1631451101, 1132472751, 1150834039, 2, 22, 0);
INSERT INTO `cs_pot_visitors` VALUES (162533754, 162533754, 1, -114077417, -530574017, -1631451101, 1132472751, 1150834122, 2, 22, 0);
INSERT INTO `cs_pot_visitors` VALUES (1749545857, 1749545857, 1, -114077417, -530574017, -1631451101, -1441976475, 1150834126, 2, 22, 0);
INSERT INTO `cs_pot_visitors` VALUES (-874776070, -874776070, 1, -114077417, -530574017, -1631451101, -1441976475, 1150834149, 2, 22, 0);
INSERT INTO `cs_pot_visitors` VALUES (-1950232267, -1950232267, 1, -114077417, -530574017, -1631451101, -1441976475, 1150834153, 2, 22, 0);
INSERT INTO `cs_pot_visitors` VALUES (-755034500, -755034500, 1, -114077417, -530574017, -1631451101, -1441976475, 1150834187, 2, 22, 0);
INSERT INTO `cs_pot_visitors` VALUES (-501265707, -501265707, 1, -114077417, -530574017, -1631451101, -1441976475, 1150834192, 2, 22, 0);
INSERT INTO `cs_pot_visitors` VALUES (-919561434, -919561434, 1, -114077417, -530574017, -1631451101, -1441976475, 1150834197, 2, 22, 0);
INSERT INTO `cs_pot_visitors` VALUES (-1228563005, -1228563005, 1, -114077417, -530574017, -1631451101, -1441976475, 1150834248, 2, 22, 0);
INSERT INTO `cs_pot_visitors` VALUES (193828481, 193828481, 1, -114077417, -530574017, -1631451101, -1441976475, 1150834255, 2, 22, 0);
INSERT INTO `cs_pot_visitors` VALUES (1184916649, 1184916649, 1, -114077417, -530574017, -1631451101, -1441976475, 1150834262, 2, 22, 0);
INSERT INTO `cs_pot_visitors` VALUES (1106751169, 1106751169, 1, -114077417, -530574017, -1631451101, -1441976475, 1150834327, 2, 22, 0);
INSERT INTO `cs_pot_visitors` VALUES (-1781961268, -1781961268, 1, -114077417, -530574017, -1631451101, -1441976475, 1150835652, 2, 22, 0);
INSERT INTO `cs_pot_visitors` VALUES (993125742, 993125742, 1, -114077417, -530574017, -1631451101, -1441976475, 1150835657, 2, 22, 0);
INSERT INTO `cs_pot_visitors` VALUES (-1314143067, -1314143067, 1, -114077417, -530574017, -1631451101, -1441976475, 1150836687, 2, 22, 0);
INSERT INTO `cs_pot_visitors` VALUES (439515535, 439515535, 1, -114077417, -530574017, -1631451101, -1441976475, 1150836706, 2, 22, 0);
INSERT INTO `cs_pot_visitors` VALUES (1473693702, 1473693702, 1, -114077417, -530574017, -1631451101, -1441976475, 1150839005, 2, 23, 0);
INSERT INTO `cs_pot_visitors` VALUES (-1215217233, -1215217233, 1, -114077417, -530574017, -1631451101, -1441976475, 1150839007, 2, 23, 0);
INSERT INTO `cs_pot_visitors` VALUES (-412944080, -412944080, 1, -114077417, -530574017, -1631451101, 0, 1150839032, 2, 23, 0);
INSERT INTO `cs_pot_visitors` VALUES (-1615518624, -1615518624, 1, -114077417, -530574017, -1631451101, 1132472751, 1150839034, 2, 23, 0);
INSERT INTO `cs_pot_visitors` VALUES (1759625543, 1759625543, 1, -114077417, -530574017, -1631451101, -1441976475, 1150839059, 2, 23, 0);
INSERT INTO `cs_pot_visitors` VALUES (1287846469, 1287846469, 1, -114077417, -530574017, -1631451101, -1441976475, 1150839060, 2, 23, 0);
INSERT INTO `cs_pot_visitors` VALUES (1671020615, 1671020615, 1, -114077417, -530574017, -1631451101, -1441976475, 1150839075, 2, 23, 0);
INSERT INTO `cs_pot_visitors` VALUES (1734871132, 1734871132, 1, -114077417, -530574017, -1631451101, -1441976475, 1150839143, 2, 23, 0);
INSERT INTO `cs_pot_visitors` VALUES (1620213084, 1620213084, 1, -114077417, -530574017, -1631451101, -1441976475, 1150839144, 2, 23, 0);
INSERT INTO `cs_pot_visitors` VALUES (-859813260, -859813260, 1, -114077417, -530574017, -1631451101, -1441976475, 1150839145, 2, 23, 0);
INSERT INTO `cs_pot_visitors` VALUES (-1099012849, -1099012849, 1, -114077417, -530574017, -1631451101, -1441976475, 1150839146, 2, 23, 0);
INSERT INTO `cs_pot_visitors` VALUES (-309439034, -309439034, 1, -114077417, -530574017, -1631451101, -1441976475, 1150839146, 2, 23, 0);
INSERT INTO `cs_pot_visitors` VALUES (1033759086, 1033759086, 1, -114077417, -530574017, -1631451101, -1441976475, 1150839147, 2, 23, 0);
INSERT INTO `cs_pot_visitors` VALUES (-741119799, -741119799, 1, -114077417, -530574017, -1631451101, -1441976475, 1150839154, 2, 23, 0);
INSERT INTO `cs_pot_visitors` VALUES (-1478662616, -1478662616, 1, -114077417, -530574017, -1631451101, -1441976475, 1150839156, 2, 23, 0);
INSERT INTO `cs_pot_visitors` VALUES (60582802, 60582802, 1, -114077417, -530574017, -1631451101, -1441976475, 1150839181, 2, 23, 0);
INSERT INTO `cs_pot_visitors` VALUES (-1726310019, -1726310019, 1, -114077417, -530574017, -1631451101, -1441976475, 1150839182, 2, 23, 0);
INSERT INTO `cs_pot_visitors` VALUES (1048069177, 1048069177, 1, -114077417, -530574017, -1631451101, -1441976475, 1150839184, 2, 23, 0);
INSERT INTO `cs_pot_visitors` VALUES (1809198870, 1809198870, 1, -114077417, -530574017, -1631451101, -1441976475, 1150839249, 2, 23, 0);
INSERT INTO `cs_pot_visitors` VALUES (545786925, 545786925, 1, -114077417, -530574017, -1631451101, -1441976475, 1150839252, 2, 23, 0);
INSERT INTO `cs_pot_visitors` VALUES (679924181, 679924181, 1, -114077417, -530574017, -1631451101, -1441976475, 1150839292, 2, 23, 0);
INSERT INTO `cs_pot_visitors` VALUES (8734048, 8734048, 1, -114077417, -530574017, -1631451101, -1441976475, 1150839294, 2, 23, 0);
INSERT INTO `cs_pot_visitors` VALUES (-1634035189, -1634035189, 1, -114077417, -530574017, -1631451101, -1441976475, 1150839305, 2, 23, 0);
INSERT INTO `cs_pot_visitors` VALUES (-1568145014, -1568145014, 1, -114077417, -530574017, -1631451101, -1441976475, 1150839306, 2, 23, 0);
INSERT INTO `cs_pot_visitors` VALUES (230036247, 230036247, 1, -114077417, -530574017, -1631451101, -1441976475, 1150839307, 2, 23, 0);
INSERT INTO `cs_pot_visitors` VALUES (236358818, 236358818, 1, -114077417, -530574017, -1631451101, -1441976475, 1150839307, 2, 23, 0);
INSERT INTO `cs_pot_visitors` VALUES (2135543803, 2135543803, 1, -114077417, -530574017, -1631451101, -1441976475, 1150839346, 2, 23, 0);
INSERT INTO `cs_pot_visitors` VALUES (610223941, 610223941, 1, -114077417, -530574017, -1631451101, -1441976475, 1150839348, 2, 23, 0);
INSERT INTO `cs_pot_visitors` VALUES (-1720006863, -1720006863, 1, -114077417, -530574017, -1631451101, -1441976475, 1150839350, 2, 23, 0);
INSERT INTO `cs_pot_visitors` VALUES (-1987385814, -1987385814, 1, -114077417, -530574017, -1631451101, -1441976475, 1150839728, 2, 23, 0);
INSERT INTO `cs_pot_visitors` VALUES (-1606958556, -1606958556, 1, -114077417, -530574017, -1631451101, -1023914482, 1150840329, 2, 23, 0);
INSERT INTO `cs_pot_visitors` VALUES (219713194, 219713194, 1, -114077417, -530574017, -1631451101, -1441976475, 1150840337, 2, 23, 0);
INSERT INTO `cs_pot_visitors` VALUES (1260940836, 1260940836, 1, -114077417, -530574017, -1631451101, -1441976475, 1150840347, 2, 23, 0);
INSERT INTO `cs_pot_visitors` VALUES (1035387113, 1035387113, 1, -114077417, -530574017, -1631451101, -1441976475, 1150840378, 2, 23, 0);
INSERT INTO `cs_pot_visitors` VALUES (1975881501, 1975881501, 1, -114077417, -530574017, -1631451101, -1441976475, 1150840379, 2, 23, 0);
INSERT INTO `cs_pot_visitors` VALUES (-747130695, -747130695, 1, -114077417, -530574017, -1631451101, 134826615, 1150840381, 2, 23, 0);
INSERT INTO `cs_pot_visitors` VALUES (-2136786174, -2136786174, 1, -114077417, -530574017, -1631451101, 134826615, 1150840687, 2, 23, 0);
INSERT INTO `cs_pot_visitors` VALUES (1368366203, 1368366203, 1, -114077417, -530574017, -1631451101, 134826615, 1150840701, 2, 23, 0);
INSERT INTO `cs_pot_visitors` VALUES (-617809359, -617809359, 1, -114077417, -530574017, -1631451101, 134826615, 1150840703, 2, 23, 0);
INSERT INTO `cs_pot_visitors` VALUES (-1681801942, -1681801942, 1, -114077417, -530574017, -1631451101, 134826615, 1150840780, 2, 23, 0);
INSERT INTO `cs_pot_visitors` VALUES (59317581, 59317581, 1, -114077417, -530574017, -1631451101, 134826615, 1150840782, 2, 23, 0);
INSERT INTO `cs_pot_visitors` VALUES (-436137533, -436137533, 1, -114077417, -530574017, -1631451101, 134826615, 1150840783, 2, 23, 0);
INSERT INTO `cs_pot_visitors` VALUES (1817050296, 1817050296, 1, -114077417, -530574017, -1631451101, 134826615, 1150840812, 3, 0, 0);
INSERT INTO `cs_pot_visitors` VALUES (-1719966527, -1719966527, 1, -114077417, -530574017, -1631451101, 134826615, 1150840813, 3, 0, 0);
INSERT INTO `cs_pot_visitors` VALUES (-905368008, -905368008, 1, -114077417, -530574017, -1631451101, 134826615, 1150840910, 3, 0, 0);
INSERT INTO `cs_pot_visitors` VALUES (-1836359025, -1836359025, 1, -114077417, -530574017, -1631451101, 134826615, 1150840913, 3, 0, 0);
INSERT INTO `cs_pot_visitors` VALUES (-1980967833, -1980967833, 1, -114077417, -530574017, -1631451101, -905689769, 1150840914, 3, 0, 0);
INSERT INTO `cs_pot_visitors` VALUES (1296476138, 1296476138, 1, -114077417, -530574017, -1631451101, -905689769, 1150840976, 3, 0, 0);
INSERT INTO `cs_pot_visitors` VALUES (1620389093, 1620389093, 1, -114077417, -530574017, -1631451101, -905689769, 1150840981, 3, 0, 0);
INSERT INTO `cs_pot_visitors` VALUES (-2069915482, -2069915482, 1, -114077417, -530574017, -1631451101, -905689769, 1150841292, 3, 0, 0);
INSERT INTO `cs_pot_visitors` VALUES (1235786517, 1235786517, 1, -114077417, -530574017, -1631451101, -905689769, 1150841449, 3, 0, 0);
INSERT INTO `cs_pot_visitors` VALUES (109597026, 109597026, 1, -114077417, -530574017, -1631451101, -905689769, 1150841453, 3, 0, 0);
INSERT INTO `cs_pot_visitors` VALUES (-1488876200, -1488876200, 1, -114077417, -530574017, -1631451101, -905689769, 1150841458, 3, 0, 0);
INSERT INTO `cs_pot_visitors` VALUES (1475535991, 1475535991, 1, -114077417, -530574017, -1631451101, 0, 1150841461, 3, 0, 0);
INSERT INTO `cs_pot_visitors` VALUES (-828911075, -828911075, 1, -114077417, -530574017, -1631451101, 0, 1150841466, 3, 0, 0);
INSERT INTO `cs_pot_visitors` VALUES (273364583, 273364583, 1, -114077417, -530574017, -1631451101, 0, 1150841598, 3, 0, 0);
INSERT INTO `cs_pot_visitors` VALUES (-206093904, -206093904, 1, -114077417, -530574017, -1631451101, 0, 1150841950, 3, 0, 0);
INSERT INTO `cs_pot_visitors` VALUES (169436560, 169436560, 1, -114077417, -530574017, -1631451101, 0, 1150842016, 3, 0, 0);
INSERT INTO `cs_pot_visitors` VALUES (-1252393050, -1252393050, 1, -114077417, -530574017, -1631451101, 0, 1150842028, 3, 0, 0);
INSERT INTO `cs_pot_visitors` VALUES (1421765015, 1421765015, 1, -114077417, -530574017, -1631451101, 0, 1150842123, 3, 0, 0);
INSERT INTO `cs_pot_visitors` VALUES (-361630694, -361630694, 1, -114077417, -530574017, -1631451101, 0, 1150842214, 3, 0, 0);
INSERT INTO `cs_pot_visitors` VALUES (1752161971, 1752161971, 1, 2128529172, 2128529172, 2091469435, 0, 1150842475, 3, 0, 0);
INSERT INTO `cs_pot_visitors` VALUES (-1830723705, -1830723705, 1, -114077417, -530574017, -1631451101, 0, 1150845293, 3, 1, 0);
INSERT INTO `cs_pot_visitors` VALUES (-1130060089, -1130060089, 1, -114077417, -530574017, -1631451101, 0, 1150845444, 3, 1, 0);
INSERT INTO `cs_pot_visitors` VALUES (264517879, 264517879, 1, -114077417, -530574017, -1631451101, 0, 1150845568, 3, 1, 0);
INSERT INTO `cs_pot_visitors` VALUES (-802870882, -802870882, 1, -114077417, -530574017, -1631451101, 1132472751, 1150845579, 3, 1, 0);
INSERT INTO `cs_pot_visitors` VALUES (1934372970, 1934372970, 1, -114077417, -530574017, -1631451101, 0, 1150848791, 3, 2, 0);
INSERT INTO `cs_pot_visitors` VALUES (1040118740, 1040118740, 1, -114077417, -530574017, -1631451101, 0, 1150848793, 3, 2, 0);
INSERT INTO `cs_pot_visitors` VALUES (-745482243, -745482243, 1, -114077417, -530574017, -1631451101, 0, 1150850476, 3, 2, 0);
INSERT INTO `cs_pot_visitors` VALUES (437653954, 437653954, 1, -114077417, -530574017, -1631451101, -1065309911, 1150857381, 3, 4, 0);
INSERT INTO `cs_pot_visitors` VALUES (-1395522779, -1395522779, 1, -114077417, -530574017, -1631451101, -1065309911, 1150857421, 3, 4, 0);
INSERT INTO `cs_pot_visitors` VALUES (786296169, 786296169, 1, -114077417, -530574017, -1631451101, -102521874, 1150859839, 3, 5, 0);
INSERT INTO `cs_pot_visitors` VALUES (1492808778, 1492808778, 1, -114077417, -530574017, -1631451101, -102521874, 1150859844, 3, 5, 0);
INSERT INTO `cs_pot_visitors` VALUES (1665343570, 1665343570, 1, -114077417, -530574017, -1631451101, -102521874, 1150859849, 3, 5, 0);
INSERT INTO `cs_pot_visitors` VALUES (927262794, 927262794, 1, -114077417, -530574017, -1631451101, -102521874, 1150859855, 3, 5, 0);
INSERT INTO `cs_pot_visitors` VALUES (1211736208, 1211736208, 1, -114077417, -530574017, -1631451101, -102521874, 1150859875, 3, 5, 0);
INSERT INTO `cs_pot_visitors` VALUES (-125526098, -125526098, 1, -114077417, -530574017, -1631451101, -102521874, 1150859878, 3, 5, 0);
INSERT INTO `cs_pot_visitors` VALUES (601030263, 601030263, 1, -114077417, -530574017, -1631451101, -102521874, 1150859882, 3, 5, 0);
INSERT INTO `cs_pot_visitors` VALUES (-621624809, -621624809, 1, -114077417, -530574017, -1631451101, -102521874, 1150859921, 3, 5, 0);
INSERT INTO `cs_pot_visitors` VALUES (-1188096948, -1188096948, 1, -114077417, -530574017, -1631451101, 0, 1150861119, 3, 5, 0);
INSERT INTO `cs_pot_visitors` VALUES (2091685137, 2091685137, 1, -114077417, -530574017, -1631451101, 103507867, 1150861122, 3, 5, 0);
INSERT INTO `cs_pot_visitors` VALUES (-997569942, -997569942, 1, -114077417, -530574017, -1631451101, 103507867, 1150861125, 3, 5, 0);
INSERT INTO `cs_pot_visitors` VALUES (-1407189520, -1407189520, 1, -114077417, -530574017, -1631451101, 103507867, 1150861146, 3, 5, 0);
INSERT INTO `cs_pot_visitors` VALUES (-556642841, -556642841, 1, -114077417, -530574017, -1631451101, 103507867, 1150861156, 3, 5, 0);
INSERT INTO `cs_pot_visitors` VALUES (264228182, 264228182, 1, -114077417, -530574017, -1631451101, 103507867, 1150861162, 3, 5, 0);
INSERT INTO `cs_pot_visitors` VALUES (1471223858, 1471223858, 1, -114077417, -530574017, -1631451101, 103507867, 1150861167, 3, 5, 0);
INSERT INTO `cs_pot_visitors` VALUES (-2139007969, -2139007969, 1, -114077417, -530574017, -1631451101, 103507867, 1150861213, 3, 5, 0);
INSERT INTO `cs_pot_visitors` VALUES (585866094, 585866094, 1, -114077417, -530574017, 0, 103507867, 1150861311, 3, 5, 0);
INSERT INTO `cs_pot_visitors` VALUES (1064299594, 1064299594, 1, -114077417, -530574017, 0, 1270890137, 1150861356, 3, 5, 0);
INSERT INTO `cs_pot_visitors` VALUES (-1343008485, -1343008485, 1, -114077417, -530574017, -1631451101, 103507867, 1150863056, 3, 6, 0);
INSERT INTO `cs_pot_visitors` VALUES (-304208467, -304208467, 1, -114077417, -530574017, -1631451101, -1065309911, 1150863727, 3, 6, 0);
INSERT INTO `cs_pot_visitors` VALUES (1253256836, 1253256836, 1, -114077417, -530574017, -1631451101, -1065309911, 1150863727, 3, 6, 0);
INSERT INTO `cs_pot_visitors` VALUES (-122968643, -122968643, 1, -114077417, -530574017, -1631451101, -1065309911, 1150863727, 3, 6, 0);
INSERT INTO `cs_pot_visitors` VALUES (-1000004898, -1000004898, 1, -114077417, -530574017, -1631451101, -1065309911, 1150863728, 3, 6, 0);
INSERT INTO `cs_pot_visitors` VALUES (2071970912, 2071970912, 1, -114077417, -530574017, -1631451101, -1065309911, 1150863728, 3, 6, 0);
INSERT INTO `cs_pot_visitors` VALUES (2092053855, 2092053855, 1, -114077417, -530574017, -1631451101, -1065309911, 1150863728, 3, 6, 0);
INSERT INTO `cs_pot_visitors` VALUES (589304951, 589304951, 1, -114077417, -530574017, -1631451101, -1065309911, 1150863729, 3, 6, 0);
INSERT INTO `cs_pot_visitors` VALUES (-1375920613, -1375920613, 1, -114077417, -530574017, -1631451101, -1065309911, 1150863729, 3, 6, 0);
INSERT INTO `cs_pot_visitors` VALUES (412607443, 412607443, 1, -114077417, -530574017, -1631451101, -1065309911, 1150863729, 3, 6, 0);
INSERT INTO `cs_pot_visitors` VALUES (1376116182, 1376116182, 1, -114077417, -530574017, -1631451101, -1065309911, 1150863730, 3, 6, 0);
INSERT INTO `cs_pot_visitors` VALUES (-1897783115, -1897783115, 1, -114077417, -530574017, -1631451101, -1065309911, 1150863730, 3, 6, 0);
INSERT INTO `cs_pot_visitors` VALUES (-23022525, -23022525, 1, -114077417, -530574017, -1631451101, -1065309911, 1150863730, 3, 6, 0);
INSERT INTO `cs_pot_visitors` VALUES (-1061965981, -1061965981, 1, -114077417, -530574017, -1631451101, -1065309911, 1150863731, 3, 6, 0);
INSERT INTO `cs_pot_visitors` VALUES (-504332500, -504332500, 1, -114077417, -530574017, -1631451101, -1065309911, 1150863731, 3, 6, 0);
INSERT INTO `cs_pot_visitors` VALUES (-1973641702, -1973641702, 1, -114077417, -530574017, -1631451101, -1065309911, 1150863731, 3, 6, 0);
INSERT INTO `cs_pot_visitors` VALUES (-824999684, -824999684, 1, -114077417, -530574017, -1631451101, -1065309911, 1150863732, 3, 6, 0);
INSERT INTO `cs_pot_visitors` VALUES (-509880572, -509880572, 1, -114077417, -530574017, -1631451101, -1065309911, 1150863732, 3, 6, 0);
INSERT INTO `cs_pot_visitors` VALUES (1191007782, 1191007782, 1, -114077417, -530574017, -1631451101, -1065309911, 1150863732, 3, 6, 0);
INSERT INTO `cs_pot_visitors` VALUES (-640254447, -640254447, 1, -114077417, -530574017, -1631451101, -1065309911, 1150863733, 3, 6, 0);
INSERT INTO `cs_pot_visitors` VALUES (392611751, 392611751, 1, -114077417, -530574017, -1631451101, -1065309911, 1150863733, 3, 6, 0);
INSERT INTO `cs_pot_visitors` VALUES (1597997613, 1597997613, 1, -114077417, -530574017, -1631451101, -1065309911, 1150863733, 3, 6, 0);
INSERT INTO `cs_pot_visitors` VALUES (-1918827868, -1918827868, 1, -114077417, -530574017, -1631451101, 1132472751, 1150864074, 3, 6, 0);
INSERT INTO `cs_pot_visitors` VALUES (5231201, 5231201, 1, -114077417, -530574017, -1631451101, 1132472751, 1150864075, 3, 6, 0);
INSERT INTO `cs_pot_visitors` VALUES (100262669, 100262669, 1, -114077417, -530574017, -1631451101, 1132472751, 1150864075, 3, 6, 0);
INSERT INTO `cs_pot_visitors` VALUES (-1837511215, -1837511215, 1, -114077417, -530574017, -1631451101, 1132472751, 1150864075, 3, 6, 0);
INSERT INTO `cs_pot_visitors` VALUES (-292230748, -292230748, 1, -114077417, -530574017, -1631451101, 1132472751, 1150864076, 3, 6, 0);
INSERT INTO `cs_pot_visitors` VALUES (1226424768, 1226424768, 1, -114077417, -530574017, -1631451101, 1132472751, 1150864076, 3, 6, 0);
INSERT INTO `cs_pot_visitors` VALUES (1284195389, 1284195389, 1, -114077417, -530574017, -1631451101, 1132472751, 1150864076, 3, 6, 0);
INSERT INTO `cs_pot_visitors` VALUES (-737518808, -737518808, 1, -114077417, -530574017, -1631451101, 1132472751, 1150864077, 3, 6, 0);
INSERT INTO `cs_pot_visitors` VALUES (806642551, 806642551, 1, -114077417, -530574017, -1631451101, 1132472751, 1150864077, 3, 6, 0);
INSERT INTO `cs_pot_visitors` VALUES (2106034926, 2106034926, 1, -114077417, -530574017, -1631451101, 1132472751, 1150864077, 3, 6, 0);
INSERT INTO `cs_pot_visitors` VALUES (1694890130, 1694890130, 1, -114077417, -530574017, -1631451101, 1132472751, 1150864078, 3, 6, 0);
INSERT INTO `cs_pot_visitors` VALUES (-864959897, -864959897, 1, -114077417, -530574017, -1631451101, 1132472751, 1150864078, 3, 6, 0);
INSERT INTO `cs_pot_visitors` VALUES (-425434127, -425434127, 1, -114077417, -530574017, -1631451101, 1132472751, 1150864078, 3, 6, 0);
INSERT INTO `cs_pot_visitors` VALUES (-252680118, -252680118, 1, -114077417, -530574017, -1631451101, 1132472751, 1150864078, 3, 6, 0);
INSERT INTO `cs_pot_visitors` VALUES (-1366325263, -1366325263, 1, -114077417, -530574017, -1631451101, 1132472751, 1150864079, 3, 6, 0);
INSERT INTO `cs_pot_visitors` VALUES (-309244211, -309244211, 1, -114077417, -530574017, -1631451101, 1132472751, 1150864079, 3, 6, 0);
INSERT INTO `cs_pot_visitors` VALUES (1909065417, 1909065417, 1, -114077417, -530574017, -1631451101, 1132472751, 1150864079, 3, 6, 0);
INSERT INTO `cs_pot_visitors` VALUES (17727941, 17727941, 1, -114077417, -530574017, -1631451101, 1132472751, 1150864080, 3, 6, 0);
INSERT INTO `cs_pot_visitors` VALUES (1988285315, 1988285315, 1, -114077417, -530574017, -1631451101, 1132472751, 1150864080, 3, 6, 0);
INSERT INTO `cs_pot_visitors` VALUES (-1295013625, -1295013625, 1, -114077417, -530574017, -1631451101, 1132472751, 1150864080, 3, 6, 0);
INSERT INTO `cs_pot_visitors` VALUES (709396784, 709396784, 1, -114077417, -530574017, -1631451101, 1132472751, 1150864081, 3, 6, 0);
INSERT INTO `cs_pot_visitors` VALUES (682257806, 682257806, 1, -114077417, -530574017, -1631451101, 1132472751, 1150864096, 3, 6, 0);
INSERT INTO `cs_pot_visitors` VALUES (-1845433808, -1845433808, 1, -114077417, -530574017, -1631451101, 1132472751, 1150864096, 3, 6, 0);
INSERT INTO `cs_pot_visitors` VALUES (1903395744, 1903395744, 1, -114077417, -530574017, -1631451101, 1132472751, 1150864097, 3, 6, 0);
INSERT INTO `cs_pot_visitors` VALUES (1802109659, 1802109659, 1, -114077417, -530574017, -1631451101, 1132472751, 1150864097, 3, 6, 0);
INSERT INTO `cs_pot_visitors` VALUES (1098896906, 1098896906, 1, -114077417, -530574017, -1631451101, 1132472751, 1150864097, 3, 6, 0);
INSERT INTO `cs_pot_visitors` VALUES (1364928085, 1364928085, 1, -114077417, -530574017, -1631451101, 1132472751, 1150864098, 3, 6, 0);
INSERT INTO `cs_pot_visitors` VALUES (699864734, 699864734, 1, -114077417, -530574017, -1631451101, 1132472751, 1150864098, 3, 6, 0);
INSERT INTO `cs_pot_visitors` VALUES (2003997468, 2003997468, 1, -114077417, -530574017, -1631451101, 1132472751, 1150864098, 3, 6, 0);
INSERT INTO `cs_pot_visitors` VALUES (-1381186023, -1381186023, 1, -114077417, -530574017, -1631451101, 1132472751, 1150864099, 3, 6, 0);
INSERT INTO `cs_pot_visitors` VALUES (1228238072, 1228238072, 1, -114077417, -530574017, -1631451101, 1132472751, 1150864099, 3, 6, 0);
INSERT INTO `cs_pot_visitors` VALUES (-709412386, -709412386, 1, -114077417, -530574017, -1631451101, 1132472751, 1150864099, 3, 6, 0);
INSERT INTO `cs_pot_visitors` VALUES (1596595681, 1596595681, 1, -114077417, -530574017, -1631451101, 1132472751, 1150864099, 3, 6, 0);
INSERT INTO `cs_pot_visitors` VALUES (1588799942, 1588799942, 1, -114077417, -530574017, -1631451101, 1132472751, 1150864100, 3, 6, 0);
INSERT INTO `cs_pot_visitors` VALUES (-390959097, -390959097, 1, -114077417, -530574017, -1631451101, 1132472751, 1150864100, 3, 6, 0);
INSERT INTO `cs_pot_visitors` VALUES (1362460925, 1362460925, 1, -114077417, -530574017, -1631451101, 1132472751, 1150864100, 3, 6, 0);
INSERT INTO `cs_pot_visitors` VALUES (-1956425781, -1956425781, 1, -114077417, -530574017, -1631451101, -1065309911, 1150864377, 3, 6, 0);
INSERT INTO `cs_pot_visitors` VALUES (1622576286, 1622576286, 1, -114077417, -530574017, -1631451101, 395143073, 1150864477, 3, 6, 0);
INSERT INTO `cs_pot_visitors` VALUES (255325382, 255325382, 1, -114077417, -530574017, -1631451101, 395143073, 1150864595, 3, 6, 0);
INSERT INTO `cs_pot_visitors` VALUES (2141347083, 2141347083, 1, -114077417, -530574017, -1631451101, 1077705306, 1150864630, 3, 6, 0);
INSERT INTO `cs_pot_visitors` VALUES (2035532204, 2035532204, 1, -114077417, -530574017, -1631451101, 395143073, 1150864632, 3, 6, 0);
INSERT INTO `cs_pot_visitors` VALUES (-547291663, -547291663, 1, -114077417, -530574017, -1631451101, 395143073, 1150864694, 3, 6, 0);
INSERT INTO `cs_pot_visitors` VALUES (535445220, 535445220, 1, -114077417, -530574017, -1631451101, 1270890137, 1150864698, 3, 6, 0);
INSERT INTO `cs_pot_visitors` VALUES (-616106989, -616106989, 1, -114077417, -530574017, -1631451101, 1270890137, 1150864749, 3, 6, 0);
INSERT INTO `cs_pot_visitors` VALUES (1039962814, 1039962814, 1, -114077417, -530574017, -1631451101, 395143073, 1150864751, 3, 6, 0);
INSERT INTO `cs_pot_visitors` VALUES (747756228, 747756228, 1, -114077417, -530574017, -1631451101, 134826615, 1150864764, 3, 6, 0);
INSERT INTO `cs_pot_visitors` VALUES (-945763002, -945763002, 1, -114077417, -530574017, -1631451101, 134826615, 1150864815, 3, 6, 0);
INSERT INTO `cs_pot_visitors` VALUES (-1730733898, -1730733898, 1, -114077417, -530574017, -1631451101, 134826615, 1150864859, 3, 6, 0);
INSERT INTO `cs_pot_visitors` VALUES (-1134950398, -1134950398, 1, -114077417, -530574017, -1631451101, 134826615, 1150864901, 3, 6, 0);
INSERT INTO `cs_pot_visitors` VALUES (-1100718375, -1100718375, 1, -114077417, -530574017, -1631451101, 134826615, 1150864966, 3, 6, 0);
INSERT INTO `cs_pot_visitors` VALUES (114115814, 114115814, 1, -114077417, -530574017, -1631451101, 134826615, 1150864994, 3, 6, 0);
INSERT INTO `cs_pot_visitors` VALUES (329240319, 329240319, 1, -114077417, -530574017, -1631451101, 134826615, 1150865009, 3, 6, 0);
INSERT INTO `cs_pot_visitors` VALUES (2080327544, 2080327544, 1, -114077417, -530574017, -1631451101, 134826615, 1150865056, 3, 6, 0);
INSERT INTO `cs_pot_visitors` VALUES (-1987502169, -1987502169, 1, -114077417, -530574017, -1631451101, 134826615, 1150865198, 3, 6, 0);
INSERT INTO `cs_pot_visitors` VALUES (-884570765, -884570765, 1, -114077417, -530574017, -1631451101, 134826615, 1150865208, 3, 6, 0);
INSERT INTO `cs_pot_visitors` VALUES (1621001099, 1621001099, 1, -114077417, -530574017, -1631451101, 134826615, 1150865219, 3, 6, 0);
INSERT INTO `cs_pot_visitors` VALUES (-1471668818, -1471668818, 1, -114077417, -530574017, -1631451101, 134826615, 1150865239, 3, 6, 0);
INSERT INTO `cs_pot_visitors` VALUES (-2040020655, -2040020655, 1, -114077417, -530574017, -1631451101, 134826615, 1150865249, 3, 6, 0);
INSERT INTO `cs_pot_visitors` VALUES (-218074463, -218074463, 1, -114077417, -530574017, -1631451101, 134826615, 1150865262, 3, 6, 0);
INSERT INTO `cs_pot_visitors` VALUES (-1825594076, -1825594076, 1, -114077417, -530574017, -1631451101, 134826615, 1150865404, 3, 6, 0);
INSERT INTO `cs_pot_visitors` VALUES (-566096215, -566096215, 1, -114077417, -530574017, -1631451101, 134826615, 1150865651, 3, 6, 0);
INSERT INTO `cs_pot_visitors` VALUES (1227148134, 1227148134, 1, -114077417, -530574017, -1631451101, 134826615, 1150865673, 3, 6, 0);
INSERT INTO `cs_pot_visitors` VALUES (488470803, 488470803, 1, -114077417, -530574017, -1631451101, 0, 1150865678, 3, 6, 0);
INSERT INTO `cs_pot_visitors` VALUES (-667718642, -667718642, 1, -114077417, -530574017, -1631451101, 0, 1150865691, 3, 6, 0);
INSERT INTO `cs_pot_visitors` VALUES (-2133625661, -2133625661, 1, -114077417, -530574017, -1631451101, 0, 1150865705, 3, 6, 0);
INSERT INTO `cs_pot_visitors` VALUES (385094360, 385094360, 1, -114077417, -530574017, -1631451101, 0, 1150865727, 3, 6, 0);
INSERT INTO `cs_pot_visitors` VALUES (1344328200, 1344328200, 1, -114077417, -530574017, -1631451101, 0, 1150865733, 3, 6, 0);
INSERT INTO `cs_pot_visitors` VALUES (1747326035, 1747326035, 1, -114077417, -530574017, -1631451101, 0, 1150865757, 3, 6, 0);
INSERT INTO `cs_pot_visitors` VALUES (1370051575, 1370051575, 1, -114077417, -530574017, -1631451101, 0, 1150865780, 3, 6, 0);
INSERT INTO `cs_pot_visitors` VALUES (880669310, 880669310, 1, -114077417, -530574017, -1631451101, 0, 1150865796, 3, 6, 0);
INSERT INTO `cs_pot_visitors` VALUES (-1389655859, -1389655859, 1, -114077417, -530574017, -1631451101, 0, 1150866463, 3, 7, 0);
INSERT INTO `cs_pot_visitors` VALUES (-1168134251, -1168134251, 1, -114077417, -530574017, -1631451101, 0, 1150866501, 3, 7, 0);
INSERT INTO `cs_pot_visitors` VALUES (156019731, 156019731, 1, -114077417, -530574017, -1631451101, 1132472751, 1150866510, 3, 7, 0);
INSERT INTO `cs_pot_visitors` VALUES (-937227526, -937227526, 1, -114077417, -530574017, -1631451101, 1132472751, 1150866521, 3, 7, 0);
INSERT INTO `cs_pot_visitors` VALUES (-852121941, -852121941, 1, -114077417, -530574017, -1631451101, 1132472751, 1150866530, 3, 7, 0);
INSERT INTO `cs_pot_visitors` VALUES (-597459878, -597459878, 1, -114077417, 544147846, -1631451101, 0, 1150866536, 3, 7, 0);
INSERT INTO `cs_pot_visitors` VALUES (-1489318013, -1489318013, 1, -114077417, -530574017, -1631451101, 0, 1150866553, 3, 7, 0);
INSERT INTO `cs_pot_visitors` VALUES (1908428534, 1908428534, 1, -114077417, -530574017, -1631451101, 134826615, 1150866554, 3, 7, 0);
INSERT INTO `cs_pot_visitors` VALUES (1279974839, 1279974839, 1, -114077417, -530574017, -1631451101, 0, 1150866733, 3, 7, 0);
INSERT INTO `cs_pot_visitors` VALUES (1170160738, 1170160738, 1, -114077417, -530574017, -1631451101, 0, 1150867010, 3, 7, 0);
INSERT INTO `cs_pot_visitors` VALUES (90598835, 90598835, 1, -114077417, -530574017, -1631451101, 0, 1150867026, 3, 7, 0);
INSERT INTO `cs_pot_visitors` VALUES (-861809820, -861809820, 1, -114077417, -530574017, -1631451101, 0, 1150867032, 3, 7, 0);
INSERT INTO `cs_pot_visitors` VALUES (-569118839, -569118839, 1, -114077417, -530574017, -1631451101, 0, 1150867067, 3, 7, 0);
INSERT INTO `cs_pot_visitors` VALUES (724409967, 724409967, 1, -114077417, -530574017, -1631451101, 0, 1150867089, 3, 7, 0);
INSERT INTO `cs_pot_visitors` VALUES (1608850264, 1608850264, 1, -114077417, -530574017, -1631451101, 0, 1150867380, 3, 7, 0);
INSERT INTO `cs_pot_visitors` VALUES (-1871410132, -1871410132, 1, -114077417, -530574017, -1631451101, 0, 1150867436, 3, 7, 0);
INSERT INTO `cs_pot_visitors` VALUES (-1590803744, -1590803744, 1, -114077417, -530574017, -1631451101, 0, 1150867519, 3, 7, 0);
INSERT INTO `cs_pot_visitors` VALUES (1802957098, 1802957098, 1, -114077417, -530574017, -1631451101, 0, 1150867525, 3, 7, 0);
INSERT INTO `cs_pot_visitors` VALUES (-1999601689, -1999601689, 1, -114077417, -530574017, -1631451101, 0, 1150867534, 3, 7, 0);
INSERT INTO `cs_pot_visitors` VALUES (724206196, 724206196, 1, -114077417, -530574017, -1631451101, 0, 1150867806, 3, 7, 0);
INSERT INTO `cs_pot_visitors` VALUES (-671776281, -671776281, 1, -114077417, -530574017, -1631451101, 0, 1150867806, 3, 7, 0);
INSERT INTO `cs_pot_visitors` VALUES (2143466906, 2143466906, 1, -114077417, -530574017, -1631451101, 0, 1150867806, 3, 7, 0);
INSERT INTO `cs_pot_visitors` VALUES (-1578169215, -1578169215, 1, -114077417, -530574017, -1631451101, 0, 1150867807, 3, 7, 0);
INSERT INTO `cs_pot_visitors` VALUES (663759656, 663759656, 1, -114077417, -530574017, -1631451101, 0, 1150867807, 3, 7, 0);
INSERT INTO `cs_pot_visitors` VALUES (-430498141, -430498141, 1, -114077417, -530574017, -1631451101, 0, 1150867807, 3, 7, 0);
INSERT INTO `cs_pot_visitors` VALUES (-1331117142, -1331117142, 1, -114077417, -530574017, -1631451101, 0, 1150867807, 3, 7, 0);
INSERT INTO `cs_pot_visitors` VALUES (1890003952, 1890003952, 1, -114077417, -530574017, -1631451101, 0, 1150867808, 3, 7, 0);
INSERT INTO `cs_pot_visitors` VALUES (-1905261523, -1905261523, 1, -114077417, -530574017, -1631451101, 0, 1150867808, 3, 7, 0);
INSERT INTO `cs_pot_visitors` VALUES (405400671, 405400671, 1, -114077417, -530574017, -1631451101, 0, 1150867808, 3, 7, 0);
INSERT INTO `cs_pot_visitors` VALUES (-1455684272, -1455684272, 1, -114077417, -530574017, -1631451101, 0, 1150867809, 3, 7, 0);
INSERT INTO `cs_pot_visitors` VALUES (-1739822971, -1739822971, 1, -114077417, -530574017, -1631451101, 0, 1150867809, 3, 7, 0);
INSERT INTO `cs_pot_visitors` VALUES (-1823935102, -1823935102, 1, -114077417, -530574017, -1631451101, 0, 1150867809, 3, 7, 0);
INSERT INTO `cs_pot_visitors` VALUES (1195442790, 1195442790, 1, -114077417, -530574017, -1631451101, 0, 1150867809, 3, 7, 0);
INSERT INTO `cs_pot_visitors` VALUES (-1184913697, -1184913697, 1, -114077417, -530574017, -1631451101, 0, 1150867810, 3, 7, 0);
INSERT INTO `cs_pot_visitors` VALUES (-2026010846, -2026010846, 1, -114077417, -530574017, -1631451101, 0, 1150867810, 3, 7, 0);
INSERT INTO `cs_pot_visitors` VALUES (1702990567, 1702990567, 1, -114077417, -530574017, -1631451101, 0, 1150867810, 3, 7, 0);
INSERT INTO `cs_pot_visitors` VALUES (1184857403, 1184857403, 1, -114077417, -530574017, -1631451101, 0, 1150867811, 3, 7, 0);
INSERT INTO `cs_pot_visitors` VALUES (-737189672, -737189672, 1, -114077417, -530574017, -1631451101, 0, 1150867811, 3, 7, 0);
INSERT INTO `cs_pot_visitors` VALUES (1521012439, 1521012439, 1, -114077417, -530574017, -1631451101, 0, 1150867811, 3, 7, 0);
INSERT INTO `cs_pot_visitors` VALUES (1662308085, 1662308085, 1, -114077417, -530574017, -1631451101, 0, 1150867812, 3, 7, 0);
INSERT INTO `cs_pot_visitors` VALUES (-702165337, -702165337, 1, -114077417, -530574017, -1631451101, 0, 1150867838, 3, 7, 0);
INSERT INTO `cs_pot_visitors` VALUES (-1816952186, -1816952186, 1, -114077417, -530574017, -1631451101, 0, 1150867875, 3, 7, 0);
INSERT INTO `cs_pot_visitors` VALUES (-1370221921, -1370221921, 1, -114077417, -530574017, -1631451101, 0, 1150867929, 3, 7, 0);
INSERT INTO `cs_pot_visitors` VALUES (-1722153317, -1722153317, 1, -114077417, -530574017, -1631451101, 0, 1150867959, 3, 7, 0);
INSERT INTO `cs_pot_visitors` VALUES (-593477631, -593477631, 1, -114077417, -530574017, -1631451101, 0, 1150867961, 3, 7, 0);
INSERT INTO `cs_pot_visitors` VALUES (-1237762723, -1237762723, 1, -114077417, -530574017, -1631451101, 0, 1150867977, 3, 7, 0);
INSERT INTO `cs_pot_visitors` VALUES (-312304122, -312304122, 1, -114077417, -530574017, -1631451101, 0, 1150868109, 3, 7, 0);
INSERT INTO `cs_pot_visitors` VALUES (-472717838, -472717838, 1, -114077417, -530574017, -1631451101, 0, 1150868130, 3, 7, 0);
INSERT INTO `cs_pot_visitors` VALUES (530471079, 530471079, 1, -114077417, -530574017, -1631451101, 0, 1150868157, 3, 7, 0);
INSERT INTO `cs_pot_visitors` VALUES (-868286086, -868286086, 1, -114077417, -530574017, -1631451101, 1132472751, 1150868161, 3, 7, 0);
INSERT INTO `cs_pot_visitors` VALUES (1120354862, 1120354862, 1, -114077417, -530574017, -1631451101, 0, 1150873249, 3, 9, 0);
INSERT INTO `cs_pot_visitors` VALUES (-1729058162, -1729058162, 1, -114077417, -530574017, -1631451101, 0, 1150873561, 3, 9, 0);
INSERT INTO `cs_pot_visitors` VALUES (-539990528, -539990528, 1, -114077417, -530574017, -1631451101, 0, 1150873575, 3, 9, 0);
INSERT INTO `cs_pot_visitors` VALUES (407852108, 407852108, 1, -114077417, -530574017, -1631451101, 0, 1150874142, 3, 9, 0);
INSERT INTO `cs_pot_visitors` VALUES (1254829442, 1254829442, 1, -114077417, -530574017, -1631451101, 0, 1150874162, 3, 9, 0);
INSERT INTO `cs_pot_visitors` VALUES (-745834993, -745834993, 1, -114077417, -530574017, -1631451101, 0, 1150874171, 3, 9, 0);
INSERT INTO `cs_pot_visitors` VALUES (-1943266136, -1943266136, 1, -114077417, -530574017, -1631451101, 0, 1150874219, 3, 9, 0);
INSERT INTO `cs_pot_visitors` VALUES (-13294530, -13294530, 1, -114077417, -530574017, -1631451101, 0, 1150874230, 3, 9, 0);
INSERT INTO `cs_pot_visitors` VALUES (-203403274, -203403274, 1, -114077417, -530574017, -1631451101, 0, 1150874400, 3, 9, 0);
INSERT INTO `cs_pot_visitors` VALUES (1182153416, 1182153416, 1, -114077417, -530574017, -1631451101, 0, 1150874435, 3, 9, 0);
INSERT INTO `cs_pot_visitors` VALUES (891171527, 891171527, 1, -114077417, -530574017, -1631451101, 0, 1150874458, 3, 9, 0);
INSERT INTO `cs_pot_visitors` VALUES (548552480, 548552480, 1, -114077417, -530574017, -1631451101, 0, 1150874477, 3, 9, 0);
INSERT INTO `cs_pot_visitors` VALUES (-1987975026, -1987975026, 1, -114077417, -530574017, -1631451101, 0, 1150874494, 3, 9, 0);
INSERT INTO `cs_pot_visitors` VALUES (1057464663, 1057464663, 1, -114077417, -530574017, -1631451101, 0, 1150874549, 3, 9, 0);
INSERT INTO `cs_pot_visitors` VALUES (464289462, 464289462, 1, -114077417, -530574017, -1631451101, 0, 1150874564, 3, 9, 0);
INSERT INTO `cs_pot_visitors` VALUES (889144184, 889144184, 1, -114077417, -530574017, -1631451101, 0, 1150874576, 3, 9, 0);
INSERT INTO `cs_pot_visitors` VALUES (814290746, 814290746, 1, -114077417, -530574017, -1631451101, 0, 1150874583, 3, 9, 0);
INSERT INTO `cs_pot_visitors` VALUES (2038205722, 2038205722, 1, -114077417, -530574017, -1631451101, 0, 1150874607, 3, 9, 0);
INSERT INTO `cs_pot_visitors` VALUES (346190778, 346190778, 1, -114077417, -530574017, -1631451101, 0, 1150874625, 3, 9, 0);
INSERT INTO `cs_pot_visitors` VALUES (461944759, 461944759, 1, -114077417, -530574017, -1631451101, 0, 1150874788, 3, 9, 0);
INSERT INTO `cs_pot_visitors` VALUES (-1554828925, -1554828925, 1, -114077417, -530574017, -1631451101, 0, 1150874794, 3, 9, 0);
INSERT INTO `cs_pot_visitors` VALUES (-1199485795, -1199485795, 1, -114077417, -530574017, -1631451101, 0, 1150874802, 3, 9, 0);
INSERT INTO `cs_pot_visitors` VALUES (-1842546964, -1842546964, 1, -114077417, -530574017, -1631451101, 0, 1150874820, 3, 9, 0);
INSERT INTO `cs_pot_visitors` VALUES (260030303, 260030303, 1, -114077417, -530574017, -1631451101, 0, 1150874833, 3, 9, 0);
INSERT INTO `cs_pot_visitors` VALUES (788479774, 788479774, 1, -114077417, -530574017, -1631451101, 0, 1150874841, 3, 9, 0);
INSERT INTO `cs_pot_visitors` VALUES (729342471, 729342471, 1, -114077417, -530574017, -1631451101, 0, 1150874882, 3, 9, 0);
INSERT INTO `cs_pot_visitors` VALUES (-247509005, -247509005, 1, -114077417, -530574017, -1631451101, 0, 1150875141, 3, 9, 0);
INSERT INTO `cs_pot_visitors` VALUES (750862013, 750862013, 1, -114077417, -530574017, -1631451101, 0, 1150875170, 3, 9, 0);
INSERT INTO `cs_pot_visitors` VALUES (-1341912836, -1341912836, 1, -114077417, -530574017, -1631451101, 0, 1150875196, 3, 9, 0);
INSERT INTO `cs_pot_visitors` VALUES (781600049, 781600049, 1, -114077417, 544147846, -1631451101, 0, 1150875673, 3, 9, 0);
INSERT INTO `cs_pot_visitors` VALUES (-1856586466, -1856586466, 1, -114077417, -530574017, -1631451101, 0, 1150875794, 3, 9, 0);
INSERT INTO `cs_pot_visitors` VALUES (288326658, 288326658, 1, -114077417, -530574017, -1631451101, 0, 1150875835, 3, 9, 0);
INSERT INTO `cs_pot_visitors` VALUES (1557555543, 1557555543, 1, -114077417, 544147846, -1631451101, 0, 1150875848, 3, 9, 0);
INSERT INTO `cs_pot_visitors` VALUES (2050748085, 2050748085, 1, -114077417, 544147846, -1631451101, 0, 1150875857, 3, 9, 0);
INSERT INTO `cs_pot_visitors` VALUES (-1348882840, -1348882840, 1, -114077417, 544147846, -1631451101, 0, 1150875865, 3, 9, 0);
INSERT INTO `cs_pot_visitors` VALUES (-1706967472, -1706967472, 1, -114077417, 544147846, -1631451101, 0, 1150876021, 3, 9, 0);
INSERT INTO `cs_pot_visitors` VALUES (-83123422, -83123422, 1, -114077417, 544147846, -1631451101, 0, 1150876134, 3, 9, 0);
INSERT INTO `cs_pot_visitors` VALUES (-1211760009, -1211760009, 1, -114077417, 565011377, -1631451101, 0, 1150876950, 3, 10, 0);
INSERT INTO `cs_pot_visitors` VALUES (783718693, 783718693, 1, -114077417, -530574017, -1631451101, 0, 1150878848, 3, 10, 0);
INSERT INTO `cs_pot_visitors` VALUES (-1859140456, -1859140456, 1, -114077417, -530574017, -1631451101, 0, 1150879074, 3, 10, 0);
INSERT INTO `cs_pot_visitors` VALUES (-664954218, -664954218, 1, -114077417, -530574017, -1631451101, 0, 1150879129, 3, 10, 0);
INSERT INTO `cs_pot_visitors` VALUES (-1309247820, -1309247820, 1, -114077417, -530574017, -1631451101, 0, 1150879157, 3, 10, 0);
INSERT INTO `cs_pot_visitors` VALUES (-918450800, -918450800, 1, -114077417, -530574017, -1631451101, 0, 1150879209, 3, 10, 0);
INSERT INTO `cs_pot_visitors` VALUES (-188250589, -188250589, 1, -114077417, -530574017, -1631451101, 0, 1150879223, 3, 10, 0);
INSERT INTO `cs_pot_visitors` VALUES (1807506633, 1807506633, 1, -114077417, -530574017, -1631451101, 0, 1150879344, 3, 10, 0);
INSERT INTO `cs_pot_visitors` VALUES (-1207744176, -1207744176, 1, -114077417, -530574017, -1631451101, 0, 1150882357, 3, 11, 0);
INSERT INTO `cs_pot_visitors` VALUES (463343669, 463343669, 1, -114077417, 565011377, -1631451101, 0, 1150882403, 3, 11, 0);
INSERT INTO `cs_pot_visitors` VALUES (-601715296, -601715296, 1, -114077417, -530574017, -1631451101, 0, 1150930491, 4, 0, 0);
INSERT INTO `cs_pot_visitors` VALUES (-1323682050, -1323682050, 1, -114077417, -530574017, -1631451101, 134826615, 1150936500, 4, 2, 0);
INSERT INTO `cs_pot_visitors` VALUES (448643594, 448643594, 1, -114077417, -530574017, -1631451101, 134826615, 1150936521, 4, 2, 0);
INSERT INTO `cs_pot_visitors` VALUES (-993336737, -993336737, 1, -114077417, -530574017, -1631451101, 0, 1151003130, 4, 21, 0);
INSERT INTO `cs_pot_visitors` VALUES (1551240664, 1551240664, 1, -114077417, -530574017, -1631451101, 0, 1151003306, 4, 21, 0);
INSERT INTO `cs_pot_visitors` VALUES (-628989077, -628989077, 1, -114077417, -530574017, -1631451101, 0, 1151004456, 4, 21, 0);
INSERT INTO `cs_pot_visitors` VALUES (357037597, 357037597, 1, -114077417, -530574017, -1631451101, 0, 1151005098, 4, 21, 0);

-- --------------------------------------------------------

-- 
-- Tabellenstruktur für Tabelle `cs_session`
-- 

CREATE TABLE `cs_session` (
  `user_id` int(11) NOT NULL default '0',
  `session_id` varchar(32) NOT NULL,
  `session_data` text NOT NULL,
  `session_name` text NOT NULL,
  `session_expire` int(11) NOT NULL default '0',
  `session_visibility` tinyint(4) NOT NULL default '0',
  `session_where` text NOT NULL,
  PRIMARY KEY  (`session_id`),
  UNIQUE KEY `session_id` (`session_id`),
  KEY `user_id` (`user_id`)
) ENGINE=MyISAM DEFAULT CHARSET=utf8;

-- 
-- Daten für Tabelle `cs_session`
-- 

INSERT INTO `cs_session` VALUES (0, 'f3b64f765447a0faa7a722a4ed910e21', 'client_ip|s:9:"127.0.0.1";client_browser|s:79:"Mozilla/5.0 (Windows; U; Windows NT 5.1; de; rv:1.8) Gecko/20051111 Firefox/1.5";_phpOpenTracker_Container|a:23:{s:13:"first_request";b:0;s:9:"client_id";i:1;s:12:"accesslog_id";i:357037597;s:10:"ip_address";s:9:"127.0.0.1";s:9:"host_orig";s:9:"localhost";s:4:"host";s:9:"localhost";s:15:"user_agent_orig";s:79:"Mozilla/5.0 (Windows; U; Windows NT 5.1; de; rv:1.8) Gecko/20051111 Firefox/1.5";s:16:"operating_system";s:10:"Windows XP";s:10:"user_agent";s:11:"Firefox/1.5";s:7:"host_id";i:-1631451101;s:19:"operating_system_id";i:-114077417;s:13:"user_agent_id";i:-530574017;s:12:"referer_orig";s:0:"";s:7:"referer";s:0:"";s:10:"referer_id";i:0;s:12:"document_url";s:10:"/index.php";s:8:"document";s:10:"/index.php";s:11:"document_id";i:1864550530;s:11:"plugin_data";a:0:{}s:9:"timestamp";i:1151021553;s:10:"visitor_id";i:357037597;s:17:"returning_visitor";b:0;s:13:"last_document";s:10:"/index.php";}', 'suiteSID', 1151023353, 1, '');

-- --------------------------------------------------------

-- 
-- Tabellenstruktur für Tabelle `cs_users`
-- 

CREATE TABLE `cs_users` (
  `user_id` int(11) NOT NULL auto_increment,
  `group_id` int(5) NOT NULL,
  `email` varchar(255) collate latin1_general_ci NOT NULL,
  `password` varchar(32) collate latin1_general_ci NOT NULL,
  `language` varchar(3) collate latin1_general_ci NOT NULL,
  PRIMARY KEY  (`user_id`),
  UNIQUE KEY `email` (`email`)
) ENGINE=MyISAM DEFAULT CHARSET=utf8;
-- 
-- Tabellenstruktur für Tabelle `cs_adminmenu`
-- 

CREATE TABLE `cs_adminmenu` (
  `id` tinyint(3) unsigned NOT NULL default '0',
  `parent` tinyint(3) unsigned NOT NULL default '0',
  `type` varchar(255) collate latin1_german1_ci NOT NULL default '',
  `text` varchar(255) collate latin1_german1_ci NOT NULL default '',
  `href` varchar(255) collate latin1_german1_ci NOT NULL default '',
  `title` varchar(255) collate latin1_german1_ci NOT NULL default '',
  `target` varchar(255) collate latin1_german1_ci NOT NULL default ''
) ENGINE=MyISAM DEFAULT CHARSET=utf8;
-- 
-- Daten für Tabelle `cs_adminmenu`
-- 

INSERT INTO `cs_adminmenu` (`id`, `parent`, `type`, `text`, `href`, `title`, `target`) VALUES (4, 0, 'button', 'System', 'null', 'System', '_self'),
(3, 0, 'button', 'Categories', 'admin/categories/index.php', 'Categories', '_self'),
(6, 0, 'button', 'Hilfe', 'null', 'Hilfe', '_self'),
(1, 0, 'button', 'Home', 'index.php', 'Home', '_self'),
(2, 0, 'button', 'Module', 'admin/module/index.php', 'Module', '_self'),
(7, 6, 'item', 'Hilfe', 'help.php', 'Hilfe', '_self'),
(8, 6, 'item', 'Handbuch', 'manual.php', 'Handbuch', '_self'),
(5, 0, 'button', 'Users', 'admin/users/index.php', 'Users', '_self'),
(9, 6, 'item', 'Report Bug & Give Feedback', 'bugreport.php', 'Report Bug & Give Feedback', '_self'),
(10, 6, 'item', 'Über Clansuite', 'about.php', 'Über Clansuite', '_self'),
(11, 10, 'item', 'unter Clansuitel', 'test.php', 'unter Clansuite', '_self'),
(12, 6, 'item', 'test', 'null', 'test', '_self'),
(13, 4, 'item', 'Menüeditor', 'admin/menueditor.php', 'Menüeditor', '_self'),
(14, 4, 'item', 'Templateeditor', 'admin/templateeditor.php', 'TemplateEditor', '_self');
